회사명,종목코드,업종
인카금융서비스,211050,보험 및 연금관련 서비스업
나래나노텍,137080,특수 목적용 기계 제조업
아셈스,136410,플라스틱제품 제조업
스코넥,276040,소프트웨어 개발 및 공급업
이지트로닉스,377330,"전동기, 발전기 및 전기 변환 · 공급 · 제어 장치 제조업"
LG에너지솔루션,373220,일차전지 및 축전지 제조업
애드바이오텍,179530,의약품 제조업
케이옥션,102370,상품 중개업
코스텍시스템,169670,특수 목적용 기계 제조업
디비금융스팩10호,404950,기타 금융업
오토앤,353590,자동차 부품 및 내장품 판매업
래몽래인,200350,"영화, 비디오물, 방송프로그램 제작 및 배급업"
하나금융20호스팩,400560,금융 지원 서비스업
엔에이치스팩22호,396770,금융 지원 서비스업
교보11호스팩,397880,금융 지원 서비스업
하이제7호스팩,400840,금융 지원 서비스업
케이티비네트워크,298870,기타 금융업
예스피치,403360,소프트웨어 개발 및 공급업
제이엠멀티,254160,제재 및 목재 가공업
신한서부티엔디리츠,404990,부동산 임대 및 공급업
툴젠,199800,자연과학 및 공학 연구개발업
미래에셋글로벌리츠,396690,부동산 임대 및 공급업
대신밸런스제11호스팩,397500,금융 지원 서비스업
켈스,402420,의료용 기기 제조업
SK스퀘어,402340,기타 금융업
마인즈랩,377480,소프트웨어 개발 및 공급업
알비더블유,361570,오디오물 출판 및 원판 녹음업
NH올원리츠,400760,부동산 임대 및 공급업
바이옵트로,222160,특수 목적용 기계 제조업
트윔,290090,소프트웨어 개발 및 공급업
아이티아이즈,372800,소프트웨어 개발 및 공급업
지오엘리먼트,311320,전자부품 제조업
디어유,376300,소프트웨어 개발 및 공급업
비트나인,357880,소프트웨어 개발 및 공급업
지니너스,389030,자연과학 및 공학 연구개발업
카카오페이,377300,금융 지원 서비스업
피코그램,376180,그외 기타 제품 제조업
엔켐,348370,기초 화학물질 제조업
리파인,377450,기타 정보 서비스업
지앤비에스엔지니어링,382800,특수 목적용 기계 제조업
아이패밀리에스씨,114840,기타 화학제품 제조업
젬,248020,전구 및 조명장치 제조업
차백신연구소,261780,자연과학 및 공학 연구개발업
지아이텍,382480,특수 목적용 기계 제조업
엔에이치스팩21호,391710,금융 지원 서비스업
토마토시스템,393210,소프트웨어 개발 및 공급업
케이카,381970,자동차 판매업
씨유테크,376290,전자부품 제조업
아스플로,159010,일반 목적용 기계 제조업
원준,382840,특수 목적용 기계 제조업
하나금융19호스팩,388220,금융 지원 서비스업
엔에이치스팩20호,391060,금융 지원 서비스업
실리콘투,257720,상품 종합 도매업
에스앤디,260970,기타 식품 제조업
프롬바이오,377220,기타 식품 제조업
바이오플러스,99430,기초 의약물질 및 생물학적 제제 제조업
신한제8호스팩,393360,금융 지원 서비스업
대신밸런스제10호스팩,387310,금융 지원 서비스업
현대중공업,329180,선박 및 보트 건조업
SK리츠,395400,부동산 임대 및 공급업
유진스팩7호,388800,금융 지원 서비스업
와이엠텍,273640,"전동기, 발전기 및 전기 변환 · 공급 · 제어 장치 제조업"
에이비온,203400,자연과학 및 공학 연구개발업
IBKS제16호스팩,388790,금융 지원 서비스업
일진하이솔루스,271940,그외 기타 운송장비 제조업
디앤디플랫폼리츠,377190,부동산 임대 및 공급업
바이젠셀,308080,자연과학 및 공학 연구개발업
아주스틸,139990,1차 철강 제조업
롯데렌탈,89860,운송장비 임대업
브레인즈컴퍼니,99390,소프트웨어 개발 및 공급업
딥노이드,315640,소프트웨어 개발 및 공급업
한컴라이프케어,372910,의료용 기기 제조업
엠로,58970,소프트웨어 개발 및 공급업
플래티어,367000,소프트웨어 개발 및 공급업
원티드랩,376980,소프트웨어 개발 및 공급업
크래프톤,259960,소프트웨어 개발 및 공급업
HK이노엔,195940,의약품 제조업
PI첨단소재,178920,플라스틱제품 제조업
카카오뱅크,323410,은행 및 저축기관
한화플러스제2호스팩,386580,금융 지원 서비스업
에브리봇,270660,가정용 기기 제조업
맥스트,377030,소프트웨어 개발 및 공급업
큐라클,365270,자연과학 및 공학 연구개발업
에스디바이오센서,137310,의료용 기기 제조업
오비고,352910,"컴퓨터 프로그래밍, 시스템 통합 및 관리업"
엠씨넥스,97520,영상 및 음향기기 제조업
아모센스,357580,전자부품 제조업
타임기술,318660,소프트웨어 개발 및 공급업
이노뎁,303530,소프트웨어 개발 및 공급업
라온테크,232680,특수 목적용 기계 제조업
삼성머스트스팩5호,380320,금융 지원 서비스업
엘비루셈,376190,반도체 제조업
이성씨엔아이,379390,"건축기술, 엔지니어링 및 관련 기술 서비스업"
에이디엠코리아,187660,자연과학 및 공학 연구개발업
에코프로에이치엔,383310,기타 화학제품 제조업
LX홀딩스,383800,기타 금융업
제주맥주,276730,알코올음료 제조업
진시스템,363250,의료용 기기 제조업
F&F,383220,봉제의복 제조업
삼성스팩4호,377630,금융 지원 서비스업
삼영에스앤씨,361670,전자부품 제조업
엔에이치스팩19호,380440,금융 지원 서비스업
샘씨엔에스,252990,전자부품 제조업
씨앤씨인터내셔널,352480,기타 화학제품 제조업
에이치피오,357230,기타 식품 제조업
SK아이이테크놀로지,361610,일차전지 및 축전지 제조업
하이제6호스팩,377400,금융 지원 서비스업
쿠콘,294570,기타 정보 서비스업
이삭엔지니어링,351330,"컴퓨터 프로그래밍, 시스템 통합 및 관리업"
해성티피씨,59270,기타 금속 가공제품 제조업
유진스팩6호,373340,금융 지원 서비스업
유안타제8호스팩,367480,금융 지원 서비스업
엔시스,333620,기타 전기장비 제조업
자이언트스텝,289220,"영화, 비디오물, 방송프로그램 제작 및 배급업"
제노코,361390,통신 및 방송 장비 제조업
라이프시맨틱스,347700,소프트웨어 개발 및 공급업
SK바이오사이언스,302440,기초 의약물질 및 생물학적 제제 제조업
바이오다인,314930,의료용 기기 제조업
DB금융스팩9호,367360,금융 지원 서비스업
네오이뮨텍,950220,자연과학 및 공학 연구개발업
화승알앤에이,378850,자동차 신품 부품 제조업
싸이버원,356890,소프트웨어 개발 및 공급업
프레스티지바이오로직스,334970,의약품 제조업
나노씨엠에스,247660,전자부품 제조업
하나머스트7호스팩,372290,금융 지원 서비스업
뷰노,338220,"자료처리, 호스팅, 포털 및 기타 인터넷 정보매개 서비스업"
하인크코리아,373200,그외 기타 제품 제조업
유일에너테크,340930,특수 목적용 기계 제조업
씨이랩,189330,소프트웨어 개발 및 공급업
오로스테크놀로지,322310,특수 목적용 기계 제조업
피엔에이치테크,239890,기초 화학물질 제조업
하나금융17호스팩,363260,금융 지원 서비스업
아이퀘스트,262840,소프트웨어 개발 및 공급업
프레스티지바이오파마,950210,자연과학 및 공학 연구개발업
신한제7호스팩,366330,금융 지원 서비스업
레인보우로보틱스,277810,특수 목적용 기계 제조업
와이더플래닛,321820,소프트웨어 개발 및 공급업
솔루엠,248070,전자부품 제조업
핑거,163730,소프트웨어 개발 및 공급업
모비릭스,348030,소프트웨어 개발 및 공급업
씨앤투스성진,352700,기타 섬유제품 제조업
선진뷰티사이언스,86710,기타 화학제품 제조업
DL이앤씨,375500,토목 건설업
엔비티,236810,광고업
한국9호스팩,368770,금융 지원 서비스업
나우코스,257990,기타 화학제품 제조업
베른,322190,자동차 차체 및 트레일러 제조업
유안타제7호스팩,367460,금융 지원 서비스업
루트락,253610,기타 전문 도매업
ESR켄달스퀘어리츠,365550,부동산 임대 및 공급업
블리츠웨이,369370,"인형,장난감 및 오락용품 제조업"
석경에이티,357550,기초 화학물질 제조업
지놈앤컴퍼니,314130,기초 의약물질 및 생물학적 제제 제조업
프리시젼바이오,335810,의료용 기기 제조업
알체라,347860,소프트웨어 개발 및 공급업
엔에이치스팩18호,365590,금융 지원 서비스업
에프앤가이드,64850,기타 정보 서비스업
에이치엠씨제5호스팩,353060,금융 지원 서비스업
티엘비,356860,전자부품 제조업
씨엔티드림,286000,기타 화학제품 제조업
인바이오,352940,"비료, 농약 및 살균, 살충제 제조업"
엔젠바이오,354200,"그외 기타 전문, 과학 및 기술 서비스업"
DB금융스팩8호,367340,기타 금융업
퀀타매트릭스,317690,의료용 기기 제조업
명신산업,9900,자동차 신품 부품 제조업
클리노믹스,352770,의료용품 및 기타 의약 관련제품 제조업
포인트모바일,318020,컴퓨터 및 주변장치 제조업
앱코,129890,컴퓨터 및 주변장치 제조업
엔에프씨,265740,기타 화학제품 제조업
제일전기공업,199820,"전동기, 발전기 및 전기 변환 · 공급 · 제어 장치 제조업"
하나기술,299030,특수 목적용 기계 제조업
에이플러스에셋,244920,보험 및 연금관련 서비스업
티앤엘,340570,의료용품 및 기타 의약 관련제품 제조업
고바이오랩,348150,자연과학 및 공학 연구개발업
네패스아크,330860,"그외 기타 전문, 과학 및 기술 서비스업"
교촌에프앤비,339770,음·식료품 및 담배 도매업
소룩스,290690,전구 및 조명장치 제조업
위드텍,348350,"측정, 시험, 항해, 제어 및 기타 정밀기기 제조업; 광학기기 제외"
센코,347000,전자부품 제조업
바이브컴퍼니,301300,소프트웨어 개발 및 공급업
원포유,122830,전기 통신업
미코바이오메드,214610,의료용 기기 제조업
피플바이오,304840,의료용품 및 기타 의약 관련제품 제조업
하이브,352820,오디오물 출판 및 원판 녹음업
넥스틴,348210,특수 목적용 기계 제조업
원방테크,53080,일반 목적용 기계 제조업
비나텍,126340,일차전지 및 축전지 제조업
씨엔알리서치,359090,"그외 기타 전문, 과학 및 기술 서비스업"
박셀바이오,323990,자연과학 및 공학 연구개발업
티와이홀딩스,363280,기타 금융업
비비씨,318410,그외 기타 제품 제조업
교보10호기업인수목적,355150,기타 금융업
핌스,347770,전자부품 제조업
압타머사이언스,291650,자연과학 및 공학 연구개발업
이오플로우,294090,의료용 기기 제조업
카카오게임즈,293490,소프트웨어 개발 및 공급업
피엔케이피부임상연구센타,347740,"그외 기타 전문, 과학 및 기술 서비스업"
코람코에너지리츠,357120,부동산 임대 및 공급업
미래에셋대우스팩 5호,353490,금융 지원 서비스업
아이디피,332370,컴퓨터 및 주변장치 제조업
셀레믹스,331920,기초 의약물질 및 생물학적 제제 제조업
데이드림엔터,348840,"영화, 비디오물, 방송프로그램 제작 및 배급업"
미투젠,950190,소프트웨어 개발 및 공급업
브랜드엑스코퍼레이션,337930,기타 정보 서비스업
영림원소프트랩,60850,소프트웨어 개발 및 공급업
한국파마,32300,의약품 제조업
제이알글로벌리츠,348950,부동산 임대 및 공급업
솔브레인,357780,기타 화학제품 제조업
이루다,164060,의료용 기기 제조업
미래에셋맵스리츠,357250,부동산 임대 및 공급업
이지스레지던스리츠,350520,부동산 임대 및 공급업
와이팜,332570,전자부품 제조업
이엔드디,101360,기타 화학제품 제조업
에이치엠씨제4호스팩,353070,금융 지원 서비스업
엠투아이,347890,"측정, 시험, 항해, 제어 및 기타 정밀기기 제조업; 광학기기 제외"
더네이쳐홀딩스,298540,의복 액세서리 제조업
제놀루션,225220,기초 의약물질 및 생물학적 제제 제조업
솔트룩스,304100,소프트웨어 개발 및 공급업
하나금융16호스팩,343510,금융 지원 서비스업
바이오인프라생명과학,266470,자연과학 및 공학 연구개발업
티에스아이,277880,특수 목적용 기계 제조업
에이프로,262260,기타 전기장비 제조업
이지스밸류플러스리츠,334890,부동산 임대 및 공급업
IBKS제13호스팩,351340,금융 지원 서비스업
소마젠,950200,"그외 기타 전문, 과학 및 기술 서비스업"
신도기연,290520,특수 목적용 기계 제조업
위더스제약,330350,의약품 제조업
에스케이바이오팜,326030,자연과학 및 공학 연구개발업
엠브레인,169330,시장조사 및 여론조사업
젠큐릭스,229000,의료용품 및 기타 의약 관련제품 제조업
무진메디,322970,자연과학 및 공학 연구개발업
HB솔루션,297890,특수 목적용 기계 제조업
에스에이티이엔지,351320,특수 목적용 기계 제조업
에스씨엠생명과학,298060,의약품 제조업
휴럼,353190,기타 식품 제조업
이지바이오,353810,동물용 사료 및 조제식품 제조업
드림씨아이에스,223250,자연과학 및 공학 연구개발업
대덕전자,353200,전자부품 제조업
이베스트스팩5호,349720,금융 지원 서비스업
오션스톤,329020,음·식료품 및 담배 도매업
이노진,344860,기타 화학제품 제조업
단디바이오,343090,의료용품 및 기타 의약 관련제품 제조업
케이프이에스제4호,347140,기타 금융업
엔피디,198080,전자부품 제조업
플레이디,237820,광고업
SK6호스팩,340350,금융 지원 서비스업
서울바이오시스,92190,반도체 제조업
제이앤티씨,204270,전자부품 제조업
켄코아에어로스페이스,274090,"항공기,우주선 및 부품 제조업"
레몬,294140,화학섬유 제조업
서남,294630,기타 전기장비 제조업
신영스팩6호,344050,금융 지원 서비스업
위세아이텍,65370,소프트웨어 개발 및 공급업
케이비제20호스팩,342550,금융 지원 서비스업
하나금융15호스팩,341160,금융 지원 서비스업
케이씨씨글라스,344820,유리 및 유리제품 제조업
세림B&G,340440,플라스틱제품 제조업
이앤에치,341310,기타 섬유제품 제조업
CJ 바이오사이언스,311690,자연과학 및 공학 연구개발업
엔에스엠,238170,합성고무 및 플라스틱 물질 제조업
피피아이,62970,통신 및 방송 장비 제조업
RF머트리얼즈,327260,전자부품 제조업
아이비김영,339950,일반 교습 학원
하이제5호스팩,340120,금융 지원 서비스업
브릿지바이오,288330,기초 의약물질 및 생물학적 제제 제조업
다보링크,340360,통신 및 방송 장비 제조업
대신밸런스제8호스팩,336570,금융 지원 서비스업
메드팩토,235980,자연과학 및 공학 연구개발업
신테카바이오,226330,소프트웨어 개발 및 공급업
제이엘케이,322510,소프트웨어 개발 및 공급업
태웅로직스,124560,기타 운송관련 서비스업
IBKS제12호스팩,335870,금융 지원 서비스업
노드메이슨,317860,기타 화학제품 제조업
리메드,302550,의료용 기기 제조업
NH프라임리츠,338100,부동산 임대 및 공급업
SK5호스팩,337450,금융 지원 서비스업
비올,335890,의료용 기기 제조업
타스컴,336040,자연과학 및 공학 연구개발업
진코스텍,250030,기타 화학제품 제조업
코리아센터,290510,소프트웨어 개발 및 공급업
유안타제5호스팩,336060,금융 지원 서비스업
유엑스엔,337840,의료용 기기 제조업
노터스,278650,자연과학 및 공학 연구개발업
센트랄모텍,308170,자동차 신품 부품 제조업
티움바이오,321550,자연과학 및 공학 연구개발업
씨에스베어링,297090,일반 목적용 기계 제조업
우양,103840,"과실, 채소 가공 및 저장 처리업"
코리아에셋투자증권,190650,금융 지원 서비스업
현대에너지솔루션,322000,반도체 제조업
에스제이그룹,306040,"가죽, 가방 및 유사제품 제조업"
제테마,216080,의료용품 및 기타 의약 관련제품 제조업
한화시스템,272210,전자부품 제조업
라파스,214260,기타 화학제품 제조업
아이티엠반도체,84850,전자부품 제조업
일승,333430,선박 및 보트 건조업
자이에스앤디,317400,부동산 임대 및 공급업
미디어젠,279600,소프트웨어 개발 및 공급업
하나금융14호스팩,332710,금융 지원 서비스업
신한제6호스팩,333050,금융 지원 서비스업
티라유텍,322180,소프트웨어 개발 및 공급업
롯데리츠,330590,부동산 임대 및 공급업
지누스,13890,가구 제조업
교보9호스팩,331520,금융 지원 서비스업
캐리소프트,317530,"영화, 비디오물, 방송프로그램 제작 및 배급업"
한국미라클피플사,331660,기타 화학제품 제조업
케이엔제이,272110,특수 목적용 기계 제조업
엔바이오니아,317870,그외 기타 제품 제조업
팜스빌,318010,기타 식품 제조업
두산퓨얼셀,336260,"전동기, 발전기 및 전기 변환 · 공급 · 제어 장치 제조업"
라온피플,300120,소프트웨어 개발 및 공급업
솔루스첨단소재,336370,전자부품 제조업
제이콘텐트리,36420,"영화, 비디오물, 방송프로그램 제작 및 배급업"
아톤,158430,소프트웨어 개발 및 공급업
녹십자웰빙,234690,의약품 제조업
대신밸런스제7호스팩,332290,금융 지원 서비스업
포커스에이치엔에스,331380,영상 및 음향기기 제조업
엔지브이아이,93510,자동차 신품 부품 제조업
케이비제19호스팩,330990,금융 지원 서비스업
올리패스,244460,기초 의약물질 및 생물학적 제제 제조업
라닉스,317120,반도체 제조업
윈텍,320000,특수 목적용 기계 제조업
한독크린텍,256150,일반 목적용 기계 제조업
아퓨어스,149300,기초 의약물질 및 생물학적 제제 제조업
상상인이안제2호스팩,329560,금융 지원 서비스업
네오크레마,311390,기타 식품 제조업
마니커에프앤지,195500,"도축, 육류 가공 및 저장 처리업"
미래에셋대우스팩3호,328380,금융 지원 서비스업
나노브릭,286750,기초 화학물질 제조업
에스피시스템스,317830,특수 목적용 기계 제조업
레이,228670,의료용 기기 제조업
그린플러스,186230,1차 비철금속 제조업
케어룸의료산업,327970,의료용 기기 제조업
코윈테크,282880,특수 목적용 기계 제조업
덕산테코피아,317330,기타 화학제품 제조업
슈프리마아이디,317770,전자부품 제조업
한국바이오젠,318000,합성고무 및 플라스틱 물질 제조업
세경하이테크,148150,전자부품 제조업
윌링스,313760,"전동기, 발전기 및 전기 변환 · 공급 · 제어 장치 제조업"
대모,317850,특수 목적용 기계 제조업
에이스토리,241840,"영화, 비디오물, 방송프로그램 제작 및 배급업"
플리토,300080,"자료처리, 호스팅, 포털 및 기타 인터넷 정보매개 서비스업"
이베스트이안스팩1호,323210,금융 지원 서비스업
세틀뱅크,234340,기타 정보 서비스업
아이스크림에듀,289010,"서적, 잡지 및 기타 인쇄물 출판업"
펨토바이오메드,327610,자연과학 및 공학 연구개발업
펌텍코리아,251970,플라스틱제품 제조업
에이에프더블류,312610,일차전지 및 축전지 제조업
티티씨디펜스,309900,"그외 기타 전문, 과학 및 기술 서비스업"
신영스팩5호,323280,금융 지원 서비스업
엠에프엠코리아,323230,편조의복 제조업
압타바이오,293780,자연과학 및 공학 연구개발업
까스텔바작,308100,"섬유, 의복, 신발 및 가죽제품 소매업"
마이크로디지탈,305090,의료용 기기 제조업
코퍼스코리아,322780,"영화, 비디오물, 방송프로그램 제작 및 배급업"
프로이천,321260,반도체 제조업
포스코케미칼,3670,"내화, 비내화 요업제품 제조업"
수젠텍,253840,의료용품 및 기타 의약 관련제품 제조업
컴퍼니케이,307930,기타 금융업
다원넥스뷰,323350,사진장비 및 광학기기 제조업
피에스케이,319660,특수 목적용 기계 제조업
현대무벡스,319400,일반 목적용 기계 제조업
SNK,950180,소프트웨어 개발 및 공급업
TS트릴리온,317240,기타 화학제품 제조업
이노벡스,279060,전자부품 제조업
아모그린텍,125210,전자부품 제조업
현대오토에버,307950,소프트웨어 개발 및 공급업
지노믹트리,228760,의료용품 및 기타 의약 관련제품 제조업
이지케어텍,99750,소프트웨어 개발 및 공급업
미래에셋벤처투자,100790,기타 금융업
드림텍,192650,전자부품 제조업
더블유게임즈,192080,소프트웨어 개발 및 공급업
에코프로비엠,247540,일차전지 및 축전지 제조업
셀리드,299660,자연과학 및 공학 연구개발업
우리금융지주,316140,기타 금융업
천보,278280,기초 화학물질 제조업
이노테라피,246960,의료용품 및 기타 의약 관련제품 제조업
노랑풍선,104620,여행사 및 기타 여행보조 서비스업
웹케시,53580,소프트웨어 개발 및 공급업
엘에이티,311060,특수 목적용 기계 제조업
에어부산,298690,항공 여객 운송업
비피도,238200,기타 식품 제조업
유틸렉스,263050,기초 의약물질 및 생물학적 제제 제조업
디케이티,290550,전자부품 제조업
아이엘사이언스,307180,전구 및 조명장치 제조업
애니플러스,310200,"영화, 비디오물, 방송프로그램 제작 및 배급업"
테크엔,308700,전구 및 조명장치 제조업
디와이씨,310870,자동차 신품 부품 제조업
오하임아이엔티,309930,기타 생활용품 소매업
위지윅스튜디오,299900,"영화, 비디오물, 방송프로그램 제작 및 배급업"
국전약품,307750,의약품 제조업
에이비엘바이오,298380,기초 의약물질 및 생물학적 제제 제조업
프로테옴텍,303360,의료용품 및 기타 의약 관련제품 제조업
머큐리,100590,통신 및 방송 장비 제조업
전진바이오팜,110020,기타 화학제품 제조업
뉴트리,270870,기타 식품 제조업
비투엔,307870,소프트웨어 개발 및 공급업
이노메트리,302430,특수 목적용 기계 제조업
대유에이피,290120,자동차 신품 부품 제조업
에코캡,128540,자동차 신품 부품 제조업
원바이오젠,307280,의료용품 및 기타 의약 관련제품 제조업
베스파,299910,소프트웨어 개발 및 공급업
윙입푸드,900340,기타 금융업
남화산업,111710,스포츠 서비스업
엠아이텍,179290,의료용 기기 제조업
티로보틱스,117730,특수 목적용 기계 제조업
네오펙트,290660,의료용 기기 제조업
에이펙스인텍,207490,전구 및 조명장치 제조업
티앤알바이오팹,246710,기초 의약물질 및 생물학적 제제 제조업
나라소프트,288490,소프트웨어 개발 및 공급업
아시아나IDT,267850,"컴퓨터 프로그래밍, 시스템 통합 및 관리업"
디알젬,263690,의료용 기기 제조업
싸이토젠,217330,자연과학 및 공학 연구개발업
아주IB투자,27360,기타 금융업
파멥신,208340,의약품 제조업
디케이앤디,263020,플라스틱제품 제조업
에이치앤비디자인,227100,"전동기, 발전기 및 전기 변환 · 공급 · 제어 장치 제조업"
노바렉스,194700,기타 식품 제조업
셀리버리,268600,자연과학 및 공학 연구개발업
대보마그네틱,290670,기타 전기장비 제조업
노바텍,285490,그외 기타 제품 제조업
엘앤씨바이오,290650,의약품 제조업
네온테크,306620,특수 목적용 기계 제조업
로보티즈,108490,특수 목적용 기계 제조업
옵티팜,153710,의료용품 및 기타 의약 관련제품 제조업
에스퓨얼셀,288620,"전동기, 발전기 및 전기 변환 · 공급 · 제어 장치 제조업"
세아제강,306200,1차 철강 제조업
나우IB,293580,기타 금융업
푸드나무,290720,무점포 소매업
하나제약,293480,의약품 제조업
크리스에프앤씨,110790,봉제의복 제조업
더블유에스아이,299170,생활용품 도매업
지티지웰니스,219750,의료용 기기 제조업
우진아이엔에스,10400,건물설비 설치 공사업
명성티엔에스,257370,특수 목적용 기계 제조업
엔피,291230,기타 사업지원 서비스업
엔솔바이오사이언스,140610,자연과학 및 공학 연구개발업
디지캡,197140,소프트웨어 개발 및 공급업
지니틱스,303030,반도체 제조업
액트로,290740,전자부품 제조업
오파스넷,173130,"컴퓨터 프로그래밍, 시스템 통합 및 관리업"
에이피티씨,89970,특수 목적용 기계 제조업
바이오솔루션,86820,기초 의약물질 및 생물학적 제제 제조업
더콘텐츠온,302920,"영화, 비디오물, 방송프로그램 제작 및 배급업"
대유,290380,"비료, 농약 및 살균, 살충제 제조업"
신한알파리츠,293940,부동산 임대 및 공급업
디아이티,110990,특수 목적용 기계 제조업
에스에스알,275630,소프트웨어 개발 및 공급업
한일시멘트,300720,"시멘트, 석회, 플라스터 및 그 제품 제조업"
휴네시온,290270,소프트웨어 개발 및 공급업
티웨이항공,91810,항공 여객 운송업
롯데정보통신,286940,"컴퓨터 프로그래밍, 시스템 통합 및 관리업"
한국유니온제약,80720,의약품 제조업
그리티,204020,봉제의복 제조업
알로이스,297570,통신 및 방송 장비 제조업
올릭스,226950,자연과학 및 공학 연구개발업
테크트랜스,258050,기타 금속 가공제품 제조업
효성중공업,298040,"전동기, 발전기 및 전기 변환 · 공급 · 제어 장치 제조업"
효성첨단소재,298050,화학섬유 제조업
효성티앤씨,298020,화학섬유 제조업
효성화학,298000,기초 화학물질 제조업
아이큐어,175250,의약품 제조업
SV인베스트먼트,289080,기타 금융업
엘리비젼,276240,영상 및 음향기기 제조업
지앤이헬스케어,299480,기타 섬유제품 제조업
이리츠코크렙,88260,부동산 임대 및 공급업
EDGC,245620,자연과학 및 공학 연구개발업
에스엠비나,299670,봉제의복 제조업
HDC현대산업개발,294870,건물 건설업
카이노스메드,284620,자연과학 및 공학 연구개발업
파워넷,37030,"전동기, 발전기 및 전기 변환 · 공급 · 제어 장치 제조업"
현대사료,16790,동물용 사료 및 조제식품 제조업
세종메디칼,258830,의료용 기기 제조업
제노레이,122310,의료용 기기 제조업
디피코,163430,자동차 차체 및 트레일러 제조업
제이시스메디칼,287410,의료용 기기 제조업
에스제이켐,217910,기초 화학물질 제조업
JTC,950170,종합 소매업
네오셈,253590,특수 목적용 기계 제조업
케어랩스,263700,소프트웨어 개발 및 공급업
애경산업,18250,기타 화학제품 제조업
유네코,64510,특수 목적용 기계 제조업
린드먼아시아,277070,신탁업 및 집합투자업
오스테오닉,226400,의료용 기기 제조업
엔지켐생명과학,183490,기초 의약물질 및 생물학적 제제 제조업
동구바이오제약,6620,의약품 제조업
아시아종묘,154030,작물 재배업
알리코제약,260660,의료용품 및 기타 의약 관련제품 제조업
셀트리온,68270,기초 의약물질 및 생물학적 제제 제조업
카페24,42000,"자료처리, 호스팅, 포털 및 기타 인터넷 정보매개 서비스업"
링크제니시스,219420,소프트웨어 개발 및 공급업
배럴,267790,봉제의복 제조업
SG,255220,기타 비금속 광물제품 제조업
씨앤지하이테크,264660,특수 목적용 기계 제조업
쿠쿠홈시스,284740,개인 및 가정용품 임대업
SK케미칼,285130,합성고무 및 플라스틱 물질 제조업
시스웍,269620,"측정, 시험, 항해, 제어 및 기타 정밀기기 제조업; 광학기기 제외"
라이프사이언스테크놀로지,285770,소프트웨어 개발 및 공급업
디바이스이엔지,187870,특수 목적용 기계 제조업
바이오시네틱스,281310,자연과학 및 공학 연구개발업
씨알푸드,236030,"곡물가공품, 전분 및 전분제품 제조업"
레이크머티리얼즈,281740,기타 화학제품 제조업
BGF리테일,282330,종합 소매업
동양피스톤,92780,자동차용 엔진 및 자동차 제조업
진에어,272450,항공 여객 운송업
씨티케이,260930,기타 화학제품 제조업
메카로,241770,기타 화학제품 제조업
에스트래픽,234300,"컴퓨터 프로그래밍, 시스템 통합 및 관리업"
케이씨텍,281820,"측정, 시험, 항해, 제어 및 기타 정밀기기 제조업; 광학기기 제외"
체리부로,66360,"도축, 육류 가공 및 저장 처리업"
대원,7680,건물 건설업
비즈니스온,138580,소프트웨어 개발 및 공급업
동아타이어,282690,고무제품 제조업
삼양패키징,272550,플라스틱제품 제조업
스튜디오드래곤,253450,"영화, 비디오물, 방송프로그램 제작 및 배급업"
비디아이,148140,일반 목적용 기계 제조업
코오롱티슈진,950160,기초 의약물질 및 생물학적 제제 제조업
EMB,278990,"전동기, 발전기 및 전기 변환 · 공급 · 제어 장치 제조업"
테이팩스,55490,플라스틱제품 제조업
롯데제과,280360,기타 식품 제조업
탑선,180060,기타 전기장비 제조업
영화테크,265560,자동차 신품 부품 제조업
세원,234100,자동차 신품 부품 제조업
상신전자,263810,전자부품 제조업
야스,255440,특수 목적용 기계 제조업
인산가,277410,기타 식품 제조업
휴온스블러썸,263920,그외 기타 제품 제조업
신흥에스이씨,243840,일차전지 및 축전지 제조업
유티아이,179900,전자부품 제조업
선익시스템,171090,특수 목적용 기계 제조업
엠플러스,259630,특수 목적용 기계 제조업
앱클론,174900,의료용품 및 기타 의약 관련제품 제조업
샘코,263540,"항공기,우주선 및 부품 제조업"
펄어비스,263750,소프트웨어 개발 및 공급업
이십일스토어,270020,기타 비금속 광물제품 제조업
케이피에스,256940,특수 목적용 기계 제조업
시그넷이브이,260870,"전동기, 발전기 및 전기 변환 · 공급 · 제어 장치 제조업"
덕우전자,263600,전자부품 제조업
명진홀딩스,267060,수산물 가공 및 저장 처리업
이더블유케이,258610,"구조용 금속제품, 탱크 및 증기발생기 제조업"
지엔원에너지,270520,"건축기술, 엔지니어링 및 관련 기술 서비스업"
알에스오토메이션,140670,전자부품 제조업
컬러레이,900310,기타 금융업
와이즈버즈,273060,광고업
모트렉스,118990,자동차 신품 부품 제조업
데이타솔루션,263800,기계장비 및 관련 물품 도매업
지니언스,263860,소프트웨어 개발 및 공급업
디앤씨미디어,263720,"서적, 잡지 및 기타 인쇄물 출판업"
셀트리온헬스케어,91990,기타 전문 도매업
이즈미디어,181340,"측정, 시험, 항해, 제어 및 기타 정밀기기 제조업; 광학기기 제외"
루켄테크놀러지스,162120,기타 전기장비 제조업
힘스,238490,특수 목적용 기계 제조업
제일약품,271980,의약품 제조업
브이원텍,251630,특수 목적용 기계 제조업
아우딘퓨쳐스,227610,기타 화학제품 제조업
이녹스첨단소재,272290,전자부품 제조업
카카오,35720,"자료처리, 호스팅, 포털 및 기타 인터넷 정보매개 서비스업"
오리온,271560,기타 식품 제조업
하림지주,3380,기타 금융업
덴티스,261200,의료용 기기 제조업
메디안디노스틱,233250,의료용품 및 기타 의약 관련제품 제조업
나인테크,267320,특수 목적용 기계 제조업
다이오진,271850,자연과학 및 공학 연구개발업
에스알바이오텍,270210,기타 화학제품 제조업
뿌리깊은나무들,266170,"영화, 비디오물, 방송프로그램 제작 및 배급업"
보라티알,250000,음·식료품 및 담배 도매업
매일유업,267980,낙농제품 및 식용빙과류 제조업
삼양옵틱스,225190,사진장비 및 광학기기 제조업
이랜시스,264850,전자부품 제조업
필옵틱스,161580,특수 목적용 기계 제조업
미원에스씨,268280,기초 화학물질 제조업
경동도시가스,267290,연료용 가스 제조 및 배관공급업
넷마블,251270,소프트웨어 개발 및 공급업
현대건설기계,267270,일반 목적용 기계 제조업
현대일렉트릭,267260,"전동기, 발전기 및 전기 변환 · 공급 · 제어 장치 제조업"
현대중공업지주,267250,석유 정제품 제조업
포인트엔지니어링,256630,기타 금속 가공제품 제조업
앙츠,267810,컴퓨터 및 통신장비 수리업
하나머티리얼즈,166090,반도체 제조업
소프트캠프,258790,소프트웨어 개발 및 공급업
와이엠티,251370,기초 화학물질 제조업
엠앤씨생명과학,225860,기타 화학제품 제조업
파워풀엑스,266870,생활용품 도매업
크라운제과,264900,기타 식품 제조업
AP시스템,265520,특수 목적용 기계 제조업
유에스티,263770,1차 철강 제조업
이엘피,63760,"측정, 시험, 항해, 제어 및 기타 정밀기기 제조업; 광학기기 제외"
유비쿼스,264450,통신 및 방송 장비 제조업
서진시스템,178320,통신 및 방송 장비 제조업
코미코,183300,특수 목적용 기계 제조업
아스타,246720,의료용품 및 기타 의약 관련제품 제조업
덴티움,145720,의료용 기기 제조업
에스디생명공학,217480,기타 화학제품 제조업
신신제약,2800,의약품 제조업
에프엔에스테크,83500,특수 목적용 기계 제조업
모바일어플라이언스,87260,소프트웨어 개발 및 공급업
피씨엘,241820,의료용품 및 기타 의약 관련제품 제조업
호전실업,111110,봉제의복 제조업
서플러스글로벌,140070,기계장비 및 관련 물품 도매업
유바이오로직스,206650,의약품 제조업
도부마스크,227420,기타 섬유제품 제조업
한국비엔씨,256840,기초 의약물질 및 생물학적 제제 제조업
피엔아이컴퍼니,242350,"영화, 비디오물, 방송프로그램 제작 및 배급업"
DSC인베스트먼트,241520,신탁업 및 집합투자업
TS인베스트먼트,246690,신탁업 및 집합투자업
셀젠텍,258250,소프트웨어 개발 및 공급업
마이크로프랜드,147760,"측정, 시험, 항해, 제어 및 기타 정밀기기 제조업; 광학기기 제외"
바이오프로테크,199290,의료용 기기 제조업
애니젠,196300,기초 의약물질 및 생물학적 제제 제조업
유니온커뮤니티,203450,통신 및 방송 장비 제조업
신라젠,215600,자연과학 및 공학 연구개발업
자비스,254120,특수 목적용 기계 제조업
핸즈코퍼레이션,143210,자동차 신품 부품 제조업
오션브릿지,241790,특수 목적용 기계 제조업
퓨쳐켐,220100,의약품 제조업
뉴파워프라즈마,144960,특수 목적용 기계 제조업
엘앤케이바이오,156100,의료용 기기 제조업
스템랩,258540,자연과학 및 공학 연구개발업
시큐센,232830,소프트웨어 개발 및 공급업
에이치엔티,176440,전자부품 제조업
핸디소프트,220180,소프트웨어 개발 및 공급업
두산밥캣,241560,특수 목적용 기계 제조업
비플라이소프트,148780,소프트웨어 개발 및 공급업
삼성바이오로직스,207940,기초 의약물질 및 생물학적 제제 제조업
클리오,237880,기타 화학제품 제조업
오가닉티코스메틱,900300,기타 금융업
얼라인드,238120,사진장비 및 광학기기 제조업
세화피앤씨,252500,기타 화학제품 제조업
굿센,243870,"컴퓨터 프로그래밍, 시스템 통합 및 관리업"
인크로스,216050,광고업
에이치엘사이언스,239610,기타 식품 제조업
코스메카코리아,241710,기타 화학제품 제조업
JW생명과학,234080,의약품 제조업
GRT,900290,기타 금융업
안지오랩,251280,자연과학 및 공학 연구개발업
골든센츄리,900280,기타 금융업
인텔리안테크,189300,통신 및 방송 장비 제조업
에이치시티,72990,기타 과학기술 서비스업
잉글우드랩,950140,기타 화학제품 제조업
앤디포스,238090,플라스틱제품 제조업
수산아이앤티,50960,소프트웨어 개발 및 공급업
미투온,201490,소프트웨어 개발 및 공급업
화승엔터프라이즈,241590,신발 및 신발 부분품 제조업
예선테크,250930,플라스틱제품 제조업
LS전선아시아,229640,기타 금융업
모두투어리츠,204210,부동산 임대 및 공급업
유니테크노,241690,자동차 신품 부품 제조업
모비스,250060,"컴퓨터 프로그래밍, 시스템 통합 및 관리업"
나무기술,242040,소프트웨어 개발 및 공급업
자이글,234920,가정용 기기 제조업
일동제약,249420,의약품 제조업
헝셩그룹,900270,기타 금융업
샘표식품,248170,기타 식품 제조업
에코마케팅,230360,광고업
블루탑,191600,전자부품 제조업
두올,16740,자동차 신품 부품 제조업
엔지스테크널러지,208860,소프트웨어 개발 및 공급업
우리손에프앤지,73560,"도축, 육류 가공 및 저장 처리업"
휴벡셀,212310,의료용 기기 제조업
에스케이씨에스,224020,플라스틱제품 제조업
폴라리스웍스,123010,전자부품 제조업
제노텍,66830,기타 화학제품 제조업
동서,26960,음·식료품 및 담배 도매업
장원테크,174880,통신 및 방송 장비 제조업
위니아딤채,71460,가정용 기기 제조업
한국자산신탁,123890,신탁업 및 집합투자업
한국토지신탁,34830,신탁업 및 집합투자업
바이오리더스,142760,자연과학 및 공학 연구개발업
피앤씨테크,237750,"전동기, 발전기 및 전기 변환 · 공급 · 제어 장치 제조업"
로스웰,900260,기타 금융업
에스엘에스바이오,246250,기타 과학기술 서비스업
씨앤에스링크,245450,통신 및 방송 장비 제조업
해성디에스,195870,전자부품 제조업
에스티팜,237690,의약품 제조업
지씨셀,144510,"그외 기타 전문, 과학 및 기술 서비스업"
알엔투테크놀로지,148250,전자부품 제조업
이비테크,208850,기타 전기장비 제조업
줌인터넷,239340,"자료처리, 호스팅, 포털 및 기타 인터넷 정보매개 서비스업"
휴온스,243070,의약품 제조업
나눔테크,244880,의료용 기기 제조업
KC산업,112190,"시멘트, 석회, 플라스터 및 그 제품 제조업"
용평리조트,70960,일반 및 생활 숙박시설 운영업
해태제과식품,101530,기타 식품 제조업
원익IPS,240810,특수 목적용 기계 제조업
인터코스,240340,기타 화학제품 제조업
로보쓰리,238500,"그외 기타 전문, 과학 및 기술 서비스업"
레이언스,228850,의료용 기기 제조업
씨엠에스에듀,225330,일반 교습 학원
동양파일,228340,"시멘트, 석회, 플라스터 및 그 제품 제조업"
삼일씨엔에스,4440,"시멘트, 석회, 플라스터 및 그 제품 제조업"
팬젠,222110,의약품 제조업
AP위성,211270,통신 및 방송 장비 제조업
에이트원,230980,소프트웨어 개발 및 공급업
큐리언트,115180,자연과학 및 공학 연구개발업
안트로젠,65660,기타 전문 도매업
슈프리마,236200,통신 및 방송 장비 제조업
제이에스코퍼레이션,194370,"가죽, 가방 및 유사제품 제조업"
유니트론텍,142210,자동차 부품 및 내장품 판매업
크리스탈신소재,900250,기타 금융업
메디젠휴먼케어,236340,자연과학 및 공학 연구개발업
선바이오,67370,의약품 제조업
볼빅,206950,운동 및 경기용구 제조업
이엠티,232530,일차전지 및 축전지 제조업
에스와이,109610,"구조용 금속제품, 탱크 및 증기발생기 제조업"
질경이,233990,기타 화학제품 제조업
코디엠,224060,특수 목적용 기계 제조업
잇츠한불,226320,기타 화학제품 제조업
지오씨,135160,절연선 및 케이블 제조업
크로넥스,215570,자연과학 및 공학 연구개발업
와이아이케이,232140,특수 목적용 기계 제조업
육일씨엔에쓰,191410,전자부품 제조업
커머스마이너,223310,소프트웨어 개발 및 공급업
휴젤,145020,기초 의약물질 및 생물학적 제제 제조업
한국맥널티,222980,기타 식품 제조업
덱스터,206560,"영화, 비디오물, 방송프로그램 제작 및 배급업"
아진산업,13310,자동차 신품 부품 제조업
HLB제약,47920,자연과학 및 공학 연구개발업
강스템바이오텍,217730,기초 의약물질 및 생물학적 제제 제조업
에이원알폼,234070,산업용 기계 및 장비 임대업
메가엠디,133750,일반 교습 학원
보광산업,225530,기타 비금속 광물제품 제조업
파크시스템스,140860,"측정, 시험, 항해, 제어 및 기타 정밀기기 제조업; 광학기기 제외"
에치에프알,230240,통신 및 방송 장비 제조업
예스티,122640,특수 목적용 기계 제조업
코스맥스엔비티,222040,기타 식품 제조업
멕아이씨에스,58110,의료용 기기 제조업
에이치엔에스하이텍,44990,전자부품 제조업
미애부,225850,생활용품 도매업
엔에스,217820,특수 목적용 기계 제조업
세진중공업,75580,선박 및 보트 건조업
하이즈항공,221840,"항공기,우주선 및 부품 제조업"
디엑스앤브이엑스,180400,기타 과학기술 서비스업
매직마이크로,127160,전자부품 제조업
케이디켐,221980,기타 화학제품 제조업
네오오토,212560,자동차 신품 부품 제조업
엔투텍,227950,특수 목적용 기계 제조업
케어젠,214370,기초 의약물질 및 생물학적 제제 제조업
아이진,185490,자연과학 및 공학 연구개발업
나무가,190510,전자부품 제조업
유앤아이,56090,의료용 기기 제조업
금호에이치티,214330,자동차 신품 부품 제조업
제주항공,89590,항공 여객 운송업
본느,226340,기타 화학제품 제조업
파마리서치바이오,217950,의약품 제조업
연우,115960,플라스틱제품 제조업
럭스피아,92590,반도체 제조업
노브메타파마,229500,자연과학 및 공학 연구개발업
엔케이맥스,182400,기초 의약물질 및 생물학적 제제 제조업
현대코퍼레이션홀딩스,227840,음·식료품 및 담배 도매업
KH E&T,226360,토목 건설업
엑시콘,92870,특수 목적용 기계 제조업
엄지하우스,224810,실내건축 및 건축마무리 공사업
메디쎄이,200580,의료용 기기 제조업
뉴지랩파마,214870,기계장비 및 관련 물품 도매업
케이엠제약,225430,기타 화학제품 제조업
한송네오텍,226440,특수 목적용 기계 제조업
패션플랫폼,225590,봉제의복 제조업
LIG넥스원,79550,무기 및 총포탄 제조업
넷게임즈,225570,소프트웨어 개발 및 공급업
제너셈,217190,특수 목적용 기계 제조업
타이거일렉,219130,전자부품 제조업
HDC랩스,39570,전기 및 통신 공사업
동일제강,2690,1차 철강 제조업
인포마크,175140,통신 및 방송 장비 제조업
씨아이에스,222080,특수 목적용 기계 제조업
맘스터치,220630,음·식료품 및 담배 도매업
에이텍티앤,224110,통신 및 방송 장비 제조업
웹스,196700,합성고무 및 플라스틱 물질 제조업
AJ네트웍스,95570,산업용 기계 및 장비 임대업
파인텍,131760,특수 목적용 기계 제조업
마이더스AI,222810,소프트웨어 개발 및 공급업
심텍,222800,전자부품 제조업
흥국에프엔비,189980,비알코올음료 및 얼음 제조업
쎄노텍,222420,기타 비금속 광물제품 제조업
칩스앤미디어,94360,반도체 제조업
아시아경제,127710,"자료처리, 호스팅, 포털 및 기타 인터넷 정보매개 서비스업"
엔에스컴퍼니,224760,토목 건설업
아이쓰리시스템,214430,전자부품 제조업
로지시스,67730,"컴퓨터 프로그래밍, 시스템 통합 및 관리업"
플럼라인생명과학,222670,자연과학 및 공학 연구개발업
켐트로스,220260,기타 화학제품 제조업
파마리서치,214450,의료용품 및 기타 의약 관련제품 제조업
디와이디,219550,생활용품 도매업
펩트론,87010,기초 의약물질 및 생물학적 제제 제조업
이노션,214320,광고업
토니모리,214420,기타 화학제품 제조업
네추럴FNP,86220,기타 식품 제조업
로지스몬,223220,소프트웨어 개발 및 공급업
미래에셋생명,85620,보험업
RFHIC,218410,통신 및 방송 장비 제조업
동운아나텍,94170,반도체 제조업
민앤지,214180,기타 정보 서비스업
유테크,178780,상품 종합 도매업
경보제약,214390,기초 의약물질 및 생물학적 제제 제조업
유투바이오,221800,기타 과학기술 서비스업
인바이츠바이오코아,216400,자연과학 및 공학 연구개발업
이큐셀,160600,특수 목적용 기계 제조업
켐온,217600,자연과학 및 공학 연구개발업
코아스템,166480,의약품 제조업
에스엘바이오닉스,214310,반도체 제조업
SK디앤디,210980,부동산 임대 및 공급업
씨앗,103660,기타 화학제품 제조업
베셀,177350,특수 목적용 기계 제조업
넵튠,217270,소프트웨어 개발 및 공급업
미래생명자원,218150,동물용 사료 및 조제식품 제조업
싸이맥스,160980,특수 목적용 기계 제조업
러셀,217500,특수 목적용 기계 제조업
픽셀플러스,87600,전자부품 제조업
디딤,217620,음식점업
제노포커스,187420,기초 의약물질 및 생물학적 제제 제조업
틸론,217880,소프트웨어 개발 및 공급업
관악산업,76340,기반조성 및 시설물 축조관련 전문공사업
우정바이오,215380,자연과학 및 공학 연구개발업
토박스코리아,215480,"섬유, 의복, 신발 및 가죽제품 소매업"
이노인스트루먼트,215790,통신 및 방송 장비 제조업
우리산업,215360,자동차 신품 부품 제조업
메가스터디교육,215200,일반 교습 학원
썬테크,217320,"전동기, 발전기 및 전기 변환 · 공급 · 제어 장치 제조업"
원텍,216280,의료용 기기 제조업
휴센텍,215090,"측정, 시험, 항해, 제어 및 기타 정밀기기 제조업; 광학기기 제외"
로보로보,215100,기타 전기장비 제조업
디알텍,214680,의료용 기기 제조업
에이비프로바이오,195990,특수 목적용 기계 제조업
골프존,215000,소프트웨어 개발 및 공급업
클래시스,214150,의료용 기기 제조업
비엔디생활건강,215050,기타 화학제품 제조업
엔에스쇼핑,138250,무점포 소매업
FSN,214270,소프트웨어 개발 및 공급업
다이나믹디자인,145210,특수 목적용 기계 제조업
포시에스,189690,소프트웨어 개발 및 공급업
덕산네오룩스,213420,전자부품 제조업
한솔제지,213500,"펄프, 종이 및 판지 제조업"
디와이파워,210540,특수 목적용 기계 제조업
국일신동,60480,1차 비철금속 제조업
듀켐바이오,176750,의약품 제조업
바디텍메드,206640,의료용품 및 기타 의약 관련제품 제조업
스튜디오산타클로스,204630,창작 및 예술관련 서비스업
썸에이지,208640,소프트웨어 개발 및 공급업
와이제이엠게임즈,193250,전자부품 제조업
에이팩트,200470,"그외 기타 전문, 과학 및 기술 서비스업"
휴메딕스,200670,의약품 제조업
바이오로그디바이스,208710,전자부품 제조업
서전기전,189860,"전동기, 발전기 및 전기 변환 · 공급 · 제어 장치 제조업"
아스트,67390,"항공기,우주선 및 부품 제조업"
오킨스전자,80580,전자부품 제조업
지란지교시큐리티,208350,소프트웨어 개발 및 공급업
NEW,160550,"영화, 비디오물, 방송프로그램 제작 및 배급업"
아이티센,124500,"컴퓨터 프로그래밍, 시스템 통합 및 관리업"
미래엔에듀파트너,208890,교육지원 서비스업
삼성물산,28260,기타 전문 도매업
녹십자엠에스,142280,의료용품 및 기타 의약 관련제품 제조업
디티앤씨,187220,기타 과학기술 서비스업
셀바스헬스케어,208370,의료용 기기 제조업
정다운,208140,"도축, 육류 가공 및 저장 처리업"
하이로닉,149980,의료용 기기 제조업
랩지노믹스,84650,자연과학 및 공학 연구개발업
빅텐츠,210120,"영화, 비디오물, 방송프로그램 제작 및 배급업"
에이디테크놀로지,200710,반도체 제조업
비씨월드제약,200780,의약품 제조업
미스터블루,207760,기타 정보 서비스업
알테오젠,196170,자연과학 및 공학 연구개발업
베노홀딩스,206400,소프트웨어 개발 및 공급업
대창스틸,140520,1차 철강 제조업
피노텍,150440,소프트웨어 개발 및 공급업
에프엔씨엔터,173940,창작 및 예술관련 서비스업
휴마시스,205470,의료용품 및 기타 의약 관련제품 제조업
씨에스윈드,112610,"구조용 금속제품, 탱크 및 증기발생기 제조업"
텔콘RF제약,200230,통신 및 방송 장비 제조업
지엘팜텍,204840,자연과학 및 공학 연구개발업
글로벌텍스프리,204620,금융 지원 서비스업
디에이테크놀로지,196490,특수 목적용 기계 제조업
삼성에스디에스,18260,"컴퓨터 프로그래밍, 시스템 통합 및 관리업"
아이케이세미콘,149010,반도체 제조업
액션스퀘어,205500,소프트웨어 개발 및 공급업
엑셈,205100,소프트웨어 개발 및 공급업
테고사이언스,191420,기초 의약물질 및 생물학적 제제 제조업
슈피겐코리아,192440,그외 기타 제품 제조업
테라셈,182690,반도체 제조업
영우디에스피,143540,특수 목적용 기계 제조업
유니포인트,121060,"컴퓨터 프로그래밍, 시스템 통합 및 관리업"
드림시큐리티,203650,소프트웨어 개발 및 공급업
메디아나,41920,의료용 기기 제조업
데브시스터즈,194480,소프트웨어 개발 및 공급업
만도,204320,자동차 신품 부품 제조업
프로스테믹스,203690,기초 의약물질 및 생물학적 제제 제조업
THQ,192410,통신 및 방송 장비 제조업
고려시멘트,198440,"시멘트, 석회, 플라스터 및 그 제품 제조업"
판도라티비,202960,소프트웨어 개발 및 공급업
서연이화,200880,자동차 신품 부품 제조업
신화콘텍,187270,"전동기, 발전기 및 전기 변환 · 공급 · 제어 장치 제조업"
쿠쿠홀딩스,192400,기타 금융업
파버나인,177830,전자부품 제조업
덕신하우징,90410,"구조용 금속제품, 탱크 및 증기발생기 제조업"
창해에탄올,4650,알코올음료 제조업
윈하이텍,192390,"구조용 금속제품, 탱크 및 증기발생기 제조업"
아진엑스텍,59120,반도체 제조업
콜마비앤에이치,200130,기초 의약물질 및 생물학적 제제 제조업
화인베스틸,133820,1차 철강 제조업
트루윈,105550,전자부품 제조업
큐엠씨,136660,특수 목적용 기계 제조업
데이터스트림즈,199150,소프트웨어 개발 및 공급업
코아시아옵틱스,196450,사진장비 및 광학기기 제조업
캐스텍코리아,71850,자동차 신품 부품 제조업
BGF,27410,기타 금융업
나노,187790,기초 화학물질 제조업
케이사인,192250,소프트웨어 개발 및 공급업
코스맥스,192820,기타 화학제품 제조업
오이솔루션,138080,통신 및 방송 장비 제조업
한국정보인증,53300,소프트웨어 개발 및 공급업
유비온,84440,기타 정보 서비스업
솔루에타,154040,전자부품 제조업
현대이지웰,90850,소프트웨어 개발 및 공급업
위월드,140660,통신 및 방송 장비 제조업
코셋,189350,통신 및 방송 장비 제조업
SGA솔루션즈,184230,소프트웨어 개발 및 공급업
대동고려삼,178600,기타 식품 제조업
청광건설,140290,토목 건설업
기가레인,49080,특수 목적용 기계 제조업
인트로메딕,150840,의료용 기기 제조업
한중엔시에스,107640,자동차 신품 부품 제조업
알티캐스트,85810,소프트웨어 개발 및 공급업
종근당,185750,의약품 제조업
현대공업,170030,자동차 신품 부품 제조업
엔브이에이치코리아,67570,자동차 신품 부품 제조업
탑코미디어,134580,통신 및 방송 장비 제조업
신송홀딩스,6880,산업용 농·축산물 및 동·식물 도매업
큐브엔터,182360,오디오물 출판 및 원판 녹음업
라이온켐텍,171120,기타 화학제품 제조업
램테크놀러지,171010,기초 화학물질 제조업
THE MIDONG,161570,영상 및 음향기기 제조업
골프존데카,183410,"측정, 시험, 항해, 제어 및 기타 정밀기기 제조업; 광학기기 제외"
협진,138360,기타 화학제품 제조업
아세아시멘트,183190,"시멘트, 석회, 플라스터 및 그 제품 제조업"
해성옵틱스,76610,사진장비 및 광학기기 제조업
내츄럴엔도텍,168330,자연과학 및 공학 연구개발업
현대로템,64350,철도장비 제조업
수프로,185190,산업용 농·축산물 및 동·식물 도매업
테스나,131970,"그외 기타 전문, 과학 및 기술 서비스업"
파수,150900,소프트웨어 개발 및 공급업
엘티씨,170920,기초 화학물질 제조업
지엔씨에너지,119850,"전동기, 발전기 및 전기 변환 · 공급 · 제어 장치 제조업"
한진칼,180640,항공 여객 운송업
아미코젠,92040,기타 식품 제조업
엔에이치엔,181710,소프트웨어 개발 및 공급업
GH신소재,130500,기타 섬유제품 제조업
파이오링크,170790,통신 및 방송 장비 제조업
KG ETS,151860,폐기물 처리업
JB금융지주,175330,기타 금융업
나스미디어,89600,광고업
대주이엔티,114920,1차 철강 제조업
렌딩머신,179720,소프트웨어 개발 및 공급업
에스엔피제네틱스,86460,자연과학 및 공학 연구개발업
태양기계,116100,자동차 신품 부품 제조업
엑세스바이오,950130,의료용품 및 기타 의약 관련제품 제조업
DSR,155660,1차 비철금속 제조업
레고켐바이오,141080,자연과학 및 공학 연구개발업
한국패러랠,168490,신탁업 및 집합투자업
동아에스티,170900,의약품 제조업
참존글로벌,158310,특수 목적용 기계 제조업
윈팩,97800,반도체 제조업
코렌텍,104540,의료용 기기 제조업
제로투세븐,159580,생활용품 도매업
아이원스,114810,특수 목적용 기계 제조업
우리이앤엘,153490,반도체 제조업
아이센스,99190,의료용 기기 제조업
포티스,141020,무점포 소매업
스킨앤스킨,159910,기타 화학제품 제조업
SBI핀테크솔루션즈,950110,소프트웨어 개발 및 공급업
우리로,46970,기타 전문 도매업
디젠스,113810,자동차 신품 부품 제조업
지엠비코리아,13870,자동차 신품 부품 제조업
와이엠씨,155650,전자부품 제조업
LG헬로비전,37560,텔레비전 방송업
아바텍,149950,전자부품 제조업
동일고무벨트,163560,고무제품 제조업
한국콜마,161890,기타 화학제품 제조업
한국타이어앤테크놀로지,161390,고무제품 제조업
코이즈,121850,플라스틱제품 제조업
애경케미칼,161000,기초 화학물질 제조업
나노스,151910,전자부품 제조업
SK렌터카,68400,운송장비 임대업
네이블커뮤니케이션즈,153460,소프트웨어 개발 및 공급업
디지탈옵틱,106520,사진장비 및 광학기기 제조업
피엔티,137400,특수 목적용 기계 제조업
바다로19호,155900,운송장비 임대업
사조씨푸드,14710,수산물 가공 및 저장 처리업
비아트론,141000,특수 목적용 기계 제조업
하이골드3호,153360,운송장비 임대업
빛샘전자,72950,전자부품 제조업
한국ANKOR유전,152550,신탁업 및 집합투자업
휴비스,79980,화학섬유 제조업
사람인에이치알,143240,"자료처리, 호스팅, 포털 및 기타 인터넷 정보매개 서비스업"
뉴로스,126870,일반 목적용 기계 제조업
제룡산업,147830,"구조용 금속제품, 탱크 및 증기발생기 제조업"
남화토건,91590,건물 건설업
케이탑리츠,145270,부동산 임대 및 공급업
메지온,140410,자연과학 및 공학 연구개발업
원익머트리얼즈,104830,기초 화학물질 제조업
디엔에이링크,127120,자연과학 및 공학 연구개발업
GS리테일,7070,종합 소매업
나이스디앤비,130580,기타 사업지원 서비스업
시큐브,131090,소프트웨어 개발 및 공급업
서암기계공업,100660,일반 목적용 기계 제조업
인터지스,129260,도로 화물 운송업
씨유메디칼,115480,의료용 기기 제조업
삼양사,145990,기타 식품 제조업
키네마스터,139670,소프트웨어 개발 및 공급업
비덴트,121800,통신 및 방송 장비 제조업
신진에스엠,138070,기타 금속 가공제품 제조업
이엠넷,123570,광고업
와이지엔터테인먼트,122870,오디오물 출판 및 원판 녹음업
에디슨EV,136510,특수 목적용 기계 제조업
에이티세미콘,89530,반도체 제조업
테크윙,89030,특수 목적용 기계 제조업
씨큐브,101240,기초 화학물질 제조업
에스엠코어,7820,일반 목적용 기계 제조업
씨엔플러스,115530,전자부품 제조업
하나투어,39130,여행사 및 기타 여행보조 서비스업
로보스타,90360,특수 목적용 기계 제조업
대한과학,131220,기계장비 및 관련 물품 도매업
원익피앤이,131390,"전동기, 발전기 및 전기 변환 · 공급 · 제어 장치 제조업"
아이디스,143160,통신 및 방송 장비 제조업
에이블씨엔씨,78520,기타 화학제품 제조업
제이씨케미칼,137950,기타 화학제품 제조업
아이씨디,40910,특수 목적용 기계 제조업
제닉,123330,기타 화학제품 제조업
시티랩스,139050,"컴퓨터 프로그래밍, 시스템 통합 및 관리업"
삼원강재,23000,자동차 신품 부품 제조업
상아프론테크,89980,플라스틱제품 제조업
신세계인터내셔날,31430,"섬유, 의복, 신발 및 가죽제품 소매업"
에이리츠,140910,부동산 임대 및 공급업
나이벡,138610,의료용품 및 기타 의약 관련제품 제조업
옵티시스,109080,통신 및 방송 장비 제조업
대양전기공업,108380,선박 및 보트 건조업
한국항공우주,47810,"항공기,우주선 및 부품 제조업"
롯데하이마트,71840,가전제품 및 정보통신장비 소매업
서연탑메탈,19770,특수 목적용 기계 제조업
한세엠케이,69640,"섬유, 의복, 신발 및 가죽제품 소매업"
코오롱플라스틱,138490,합성고무 및 플라스틱 물질 제조업
넥스트아이,137940,"측정, 시험, 항해, 제어 및 기타 정밀기기 제조업; 광학기기 제외"
스카이이앤엠,131100,상품 종합 도매업
이마트,139480,종합 소매업
DGB금융지주,139130,기타 금융업
케이티스카이라이프,53210,텔레비전 방송업
엘아이에스,138690,특수 목적용 기계 제조업
세아특수강,19440,1차 철강 제조업
KMH,122450,텔레비전 방송업
골프존뉴딘홀딩스,121440,상품 중개업
메리츠금융지주,138040,기타 금융업
윈스,136540,"컴퓨터 프로그래밍, 시스템 통합 및 관리업"
하림,136480,"도축, 육류 가공 및 저장 처리업"
한국종합기술,23350,"건축기술, 엔지니어링 및 관련 기술 서비스업"
이퓨쳐,134060,"서적, 잡지 및 기타 인쇄물 출판업"
티케이케미칼,104480,화학섬유 제조업
BNK금융지주,138930,기타 금융업
일진머티리얼즈,20150,전자부품 제조업
부스타,8470,"구조용 금속제품, 탱크 및 증기발생기 제조업"
현대위아,11210,자동차 신품 부품 제조업
선진,136490,동물용 사료 및 조제식품 제조업
미원화학,134380,기타 화학제품 제조업
나노신소재,121600,기타 화학제품 제조업
케이아이엔엑스,93320,"자료처리, 호스팅, 포털 및 기타 인터넷 정보매개 서비스업"
티피씨글로벌,130740,자동차 신품 부품 제조업
딜리,131180,컴퓨터 및 주변장치 제조업
엘비세미콘,61970,반도체 제조업
제이엔케이히터,126880,일반 목적용 기계 제조업
블루콤,33560,영상 및 음향기기 제조업
인트론바이오,48530,기초 의약물질 및 생물학적 제제 제조업
시디즈,134790,가구 제조업
다나와,119860,소프트웨어 개발 및 공급업
알서포트,131370,소프트웨어 개발 및 공급업
인텍플러스,64290,특수 목적용 기계 제조업
티에스이,131290,"측정, 시험, 항해, 제어 및 기타 정밀기기 제조업; 광학기기 제외"
HSD엔진,82740,일반 목적용 기계 제조업
이브이첨단소재,131400,전자부품 제조업
대성에너지,117580,연료용 가스 제조 및 배관공급업
현대퓨처넷,126560,텔레비전 방송업
대정화금,120240,기초 화학물질 제조업
KTis,58860,기타 정보 서비스업
한전산업,130660,"건축기술, 엔지니어링 및 관련 기술 서비스업"
피제이메탈,128660,1차 비철금속 제조업
디에이치피코리아,131030,의약품 제조업
에이루트,96690,컴퓨터 및 주변장치 제조업
엘브이엠씨,900140,자동차 판매업
티비씨,33830,텔레비전 방송업
시그네틱스,33170,반도체 제조업
한국전자인증,41460,소프트웨어 개발 및 공급업
디케이락,105740,일반 목적용 기계 제조업
코프라,126600,합성고무 및 플라스틱 물질 제조업
선데이토즈,123420,소프트웨어 개발 및 공급업
KH 일렉트론,111870,영상 및 음향기기 제조업
아나패스,123860,반도체 제조업
KNN,58400,텔레비전 방송업
비케이탑스,30790,"컴퓨터 프로그래밍, 시스템 통합 및 관리업"
누리플랜,69140,"구조용 금속제품, 탱크 및 증기발생기 제조업"
아이텍,119830,"그외 기타 전문, 과학 및 기술 서비스업"
인화정공,101930,선박 및 보트 건조업
지나인제약,78650,사진장비 및 광학기기 제조업
아이씨케이,68940,전자부품 제조업
한일진공,123840,특수 목적용 기계 제조업
휠라홀딩스,81660,생활용품 도매업
알파홀딩스,117670,반도체 제조업
포메탈,119500,기타 금속 가공제품 제조업
KTcs,58850,기타 정보 서비스업
다원시스,68240,"전동기, 발전기 및 전기 변환 · 공급 · 제어 장치 제조업"
현대홈쇼핑,57050,무점포 소매업
씨젠,96530,의료용품 및 기타 의약 관련제품 제조업
와이솔,122990,전자부품 제조업
하이비젼시스템,126700,사진장비 및 광학기기 제조업
화신정공,126640,자동차 신품 부품 제조업
코리아에프티,123410,자동차 신품 부품 제조업
도화엔지니어링,2150,"건축기술, 엔지니어링 및 관련 기술 서비스업"
엠에스오토텍,123040,자동차 신품 부품 제조업
이글루시큐리티,67920,기타 정보 서비스업
대성산업,128820,연료 소매업
아이마켓코리아,122900,상품 종합 도매업
한미약품,128940,의약품 제조업
인터로조,119610,의료용 기기 제조업
하이텍팜,106190,기타 전문 도매업
우진,105840,"측정, 시험, 항해, 제어 및 기타 정밀기기 제조업; 광학기기 제외"
크루셜텍,114120,전자부품 제조업
무학,33920,알코올음료 제조업
에스디시스템,121890,전자부품 제조업
알톤스포츠,123750,그외 기타 운송장비 제조업
유비벨록스,89850,소프트웨어 개발 및 공급업
오르비텍,46120,기타 과학기술 서비스업
이연제약,102460,의약품 제조업
엑스큐어,70300,소프트웨어 개발 및 공급업
LX세미콘,108320,반도체 제조업
투비소프트,79970,소프트웨어 개발 및 공급업
한국화장품,123690,생활용품 도매업
에스제이엠,123700,자동차 신품 부품 제조업
인피니트헬스케어,71200,소프트웨어 개발 및 공급업
모바일리더,100030,소프트웨어 개발 및 공급업
서진오토모티브,122690,자동차 신품 부품 제조업
한라홀딩스,60980,기타 금융업
삼성생명,32830,보험업
신세계푸드,31440,음식점업
이스트아시아홀딩스,900110,기타 금융업
애머릿지,900100,자동차 부품 및 내장품 판매업
케이씨에스,115500,"컴퓨터 프로그래밍, 시스템 통합 및 관리업"
씨케이에이치,900120,기타 금융업
HLB테라퓨틱스,115450,기타 전문 도매업
삼기,122350,자동차 신품 부품 제조업
한화생명,88350,보험업
이미지스,115610,반도체 제조업
조선선재,120030,기타 금속 가공제품 제조업
인포바인,115310,전기 통신업
하이소닉,106080,전자부품 제조업
모베이스,101330,통신 및 방송 장비 제조업
지스마트글로벌,114570,상품 종합 도매업
코오롱인더,120110,화학섬유 제조업
KC코트렐,119650,일반 목적용 기계 제조업
지역난방공사,71320,"증기, 냉·온수 및 공기조절 공급업"
락앤락,115390,플라스틱제품 제조업
스타플렉스,115570,플라스틱제품 제조업
우리넷,115440,통신 및 방송 장비 제조업
아세아텍,50860,특수 목적용 기계 제조업
영흥,12160,1차 철강 제조업
폴라리스우노,114630,화학섬유 제조업
코디,80530,기타 화학제품 제조업
우리들휴브레인,118000,기계장비 및 관련 물품 도매업
글로벌에스엠,900070,기타 금융업
ITX-AI,99520,영상 및 음향기기 제조업
KPX생명과학,114450,기초 의약물질 및 생물학적 제제 제조업
디와이피엔에프,104460,일반 목적용 기계 제조업
멜파스,96640,전자부품 제조업
위메이드,112040,소프트웨어 개발 및 공급업
한전기술,52690,"건축기술, 엔지니어링 및 관련 기술 서비스업"
셀바스AI,108860,소프트웨어 개발 및 공급업
이원컴포텍,88290,자동차 신품 부품 제조업
강원에너지,114190,"구조용 금속제품, 탱크 및 증기발생기 제조업"
GKL,114090,유원지 및 기타 오락관련 서비스업
휴맥스,115160,영상 및 음향기기 제조업
에이프로젠 H&G,109960,기타 전문 도매업
SK,34730,기타 금융업
동방선기,99410,선박 및 보트 건조업
상상인인더스트리,101000,특수 목적용 기계 제조업
진매트릭스,109820,자연과학 및 공학 연구개발업
황금에스티,32560,1차 비철금속 제조업
비츠로셀,82920,일차전지 및 축전지 제조업
하이트진로,80,알코올음료 제조업
한스바이오메드,42520,의료용품 및 기타 의약 관련제품 제조업
동양생명,82640,보험업
NHN벅스,104200,소프트웨어 개발 및 공급업
아이앤씨,52860,반도체 제조업
유니온머티리얼,47400,"내화, 비내화 요업제품 제조업"
케이엔더블유,105330,전자부품 제조업
형지엘리트,93240,봉제의복 제조업
디에스케이,109740,특수 목적용 기계 제조업
제넥신,95700,자연과학 및 공학 연구개발업
톱텍,108230,특수 목적용 기계 제조업
동국S&C,100130,"구조용 금속제품, 탱크 및 증기발생기 제조업"
에스앤더블류,103230,일반 목적용 기계 제조업
키움증권,39490,금융 지원 서비스업
영원무역,111770,상품 종합 도매업
컴투스홀딩스,63080,소프트웨어 개발 및 공급업
동일금속,109860,금속 주조업
한미글로벌,53690,"건축기술, 엔지니어링 및 관련 기술 서비스업"
동아지질,28100,기반조성 및 시설물 축조관련 전문공사업
어보브반도체,102120,반도체 제조업
위메이드맥스,101730,소프트웨어 개발 및 공급업
이엔에프테크놀로지,102710,기타 화학제품 제조업
스맥,99440,특수 목적용 기계 제조업
SDN,99220,기계장비 및 관련 물품 도매업
한국정밀기계,101680,특수 목적용 기계 제조업
STX중공업,71970,일반 목적용 기계 제조업
흥국,10240,특수 목적용 기계 제조업
우림피티에스,101170,일반 목적용 기계 제조업
티플랙스,81150,기타 금속 가공제품 제조업
LX하우시스,108670,플라스틱제품 제조업
에스티오,98660,봉제의복 제조업
에이테크솔루션,71670,특수 목적용 기계 제조업
에스앤에스텍,101490,전자부품 제조업
뷰웍스,100120,의료용 기기 제조업
코오롱생명과학,102940,기초 의약물질 및 생물학적 제제 제조업
엔시트론,101400,반도체 제조업
한세실업,105630,봉제의복 제조업
컨버즈,109070,"골판지, 종이 상자 및 종이용기 제조업"
파인테크닉스,106240,통신 및 방송 장비 제조업
미원홀딩스,107590,기타 금융업
이수앱지스,86890,의료용품 및 기타 의약 관련제품 제조업
대성파인텍,104040,자동차 신품 부품 제조업
유비쿼스홀딩스,78070,통신 및 방송 장비 제조업
메디톡스,86900,기초 의약물질 및 생물학적 제제 제조업
엠게임,58630,소프트웨어 개발 및 공급업
아이컴포넌트,59100,전자부품 제조업
NAVER,35420,"자료처리, 호스팅, 포털 및 기타 인터넷 정보매개 서비스업"
HLB생명과학,67630,"건축기술, 엔지니어링 및 관련 기술 서비스업"
이크레더블,92130,기타 정보 서비스업
부국철강,26940,1차 철강 제조업
KB금융,105560,기타 금융업
세운메디칼,100700,의료용품 및 기타 의약 관련제품 제조업
한국철강,104700,1차 철강 제조업
마이크로컨텍솔,98120,전자부품 제조업
이엠앤아이,83470,플라스틱제품 제조업
삼강엠앤티,100090,1차 철강 제조업
일진전기,103590,절연선 및 케이블 제조업
풍산,103140,1차 비철금속 제조업
LG이노텍,11070,전자부품 제조업
아이엠,101390,전자부품 제조업
웰크론한텍,76080,건물 건설업
코리아에스이,101670,"구조용 금속제품, 탱크 및 증기발생기 제조업"
슈프리마에이치큐,94840,통신 및 방송 장비 제조업
명문제약,17180,의약품 제조업
서울옥션,63170,상품 중개업
이스트소프트,47560,소프트웨어 개발 및 공급업
비상교육,100220,"서적, 잡지 및 기타 인쇄물 출판업"
청담러닝,96240,일반 교습 학원
동성케미컬,102260,회사 본부 및 경영 컨설팅 서비스업
월덱스,101160,전자부품 제조업
쎄트렉아이,99320,"항공기,우주선 및 부품 제조업"
쌍방울,102280,봉제의복 제조업
브리지텍,64480,소프트웨어 개발 및 공급업
고영,98460,특수 목적용 기계 제조업
조이시티,67000,소프트웨어 개발 및 공급업
우진비앤지,18620,의약품 제조업
테스,95610,특수 목적용 기계 제조업
예스24,53280,무점포 소매업
엘디티,96870,반도체 제조업
LG유플러스,32640,전기 통신업
메타바이오메드,59210,의료용품 및 기타 의약 관련제품 제조업
효성오앤비,97870,"비료, 농약 및 살균, 살충제 제조업"
인바이오젠,101140,생활용품 도매업
아시아나항공,20560,항공 여객 운송업
SNT에너지,100840,일반 목적용 기계 제조업
진양홀딩스,100250,플라스틱제품 제조업
텔레필드,91440,통신 및 방송 장비 제조업
이트론,96040,기타 전문 도매업
엔케이,85310,"구조용 금속제품, 탱크 및 증기발생기 제조업"
에스맥,97780,통신 및 방송 장비 제조업
에스코넥,96630,통신 및 방송 장비 제조업
일신바이오,68330,일반 목적용 기계 제조업
서원인텍,93920,통신 및 방송 장비 제조업
이씨에스,67010,"컴퓨터 프로그래밍, 시스템 통합 및 관리업"
대창솔루션,96350,"구조용 금속제품, 탱크 및 증기발생기 제조업"
한전KPS,51600,전기 및 통신 공사업
아이에스이커머스,69920,무점포 소매업
알에프세미,96610,반도체 제조업
디엔에프,92070,기타 화학제품 제조업
일진파워,94820,전기 및 통신 공사업
비엠티,86670,일반 목적용 기계 제조업
이아이디,93230,기타 전문 도매업
기신정기,92440,특수 목적용 기계 제조업
이엠코리아,95190,특수 목적용 기계 제조업
KSS해운,44450,해상 운송업
효성 ITX,94280,기타 사업지원 서비스업
현우산업,92300,전자부품 제조업
유나이티드,33270,의약품 제조업
다믈멀티미디어,93640,반도체 제조업
디아이씨,92200,자동차 신품 부품 제조업
에스에너지,95910,"전동기, 발전기 및 전기 변환 · 공급 · 제어 장치 제조업"
성우전자,81580,통신 및 방송 장비 제조업
엘엠에스,73110,전자부품 제조업
제이엠티,94970,전자부품 제조업
오디텍,80520,반도체 제조업
ISC,95340,전자부품 제조업
네오티스,85910,자동차 신품 부품 제조업
미래나노텍,95500,플라스틱제품 제조업
상보,27580,플라스틱제품 제조업
CJ제일제당,97950,기타 식품 제조업
바이오톡스텍,86040,자연과학 및 공학 연구개발업
팬오션,28670,해상 운송업
연이비앤티,90740,전자부품 제조업
옴니시스템,57540,"측정, 시험, 항해, 제어 및 기타 정밀기기 제조업; 광학기기 제외"
푸른기술,94940,컴퓨터 및 주변장치 제조업
웨이브일렉트로,95270,"측정, 시험, 항해, 제어 및 기타 정밀기기 제조업; 광학기기 제외"
HJ중공업,97230,토목 건설업
빅솔론,93190,컴퓨터 및 주변장치 제조업
JW홀딩스,96760,기타 금융업
S&K폴리텍,91340,전자부품 제조업
SK이노베이션,96770,석유 정제품 제조업
율호,72770,"컴퓨터 프로그래밍, 시스템 통합 및 관리업"
갤럭시아머니트리,94480,소프트웨어 개발 및 공급업
에코프로,86520,기타 화학제품 제조업
엠피대산,65150,음·식료품 및 담배 도매업
컴투스,78340,소프트웨어 개발 및 공급업
네오위즈,95660,소프트웨어 개발 및 공급업
삼성카드,29780,기타 금융업
앤씨앤,92600,반도체 제조업
엔텔스,69410,소프트웨어 개발 및 공급업
베트남개발1,96300,신탁업 및 집합투자업
알루코,1780,1차 비철금속 제조업
풍강,93380,기타 금속 가공제품 제조업
웅진씽크빅,95720,초등 교육기관
동국제약,86450,의약품 제조업
케이프,64820,선박 및 보트 건조업
상신이디피,91580,일차전지 및 축전지 제조업
한라IMS,92460,선박 및 보트 건조업
에프알텍,73540,통신 및 방송 장비 제조업
이엠텍,91120,전자부품 제조업
참좋은여행,94850,여행사 및 기타 여행보조 서비스업
네오리진,94860,소프트웨어 개발 및 공급업
맵스리얼티1,94800,신탁업 및 집합투자업
이베스트투자증권,78020,금융 지원 서비스업
매커스,93520,기계장비 및 관련 물품 도매업
오스템임플란트,48260,의료용 기기 제조업
나노캠텍,91970,플라스틱제품 제조업
네오팜,92730,기타 화학제품 제조업
비에이치,90460,전자부품 제조업
오스코텍,39200,의약품 제조업
켐트로닉스,89010,기타 화학제품 제조업
제이스텍,90470,특수 목적용 기계 제조업
동아엘텍,88130,특수 목적용 기계 제조업
메타랩스,90370,봉제의복 제조업
후성,93370,기초 화학물질 제조업
휴온스글로벌,84110,의약품 제조업
케이씨티,89150,"컴퓨터 프로그래밍, 시스템 통합 및 관리업"
파트론,91700,전자부품 제조업
유니테스트,86390,특수 목적용 기계 제조업
휴림로봇,90710,특수 목적용 기계 제조업
LF,93050,봉제의복 제조업
에스에이티,60540,"측정, 시험, 항해, 제어 및 기타 정밀기기 제조업; 광학기기 제외"
큐에스아이,66310,반도체 제조업
멀티캠퍼스,67280,기타 교육기관
주연테크,44380,컴퓨터 및 주변장치 제조업
코스맥스비티아이,44820,기타 금융업
코세스,89890,특수 목적용 기계 제조업
인천도시가스,34590,연료용 가스 제조 및 배관공급업
성창오토텍,80470,자동차 신품 부품 제조업
넥스턴바이오,89140,유리 및 유리제품 제조업
제이티,89790,특수 목적용 기계 제조업
아이윈,90150,자동차 신품 부품 제조업
이녹스,88390,그외 기타 운송장비 제조업
삼정펄프,9770,"펄프, 종이 및 판지 제조업"
KEC,92220,반도체 제조업
KPX홀딩스,92230,기초 화학물질 제조업
THE E&M,89230,기타 정보 서비스업
바텍,43150,의료용 기기 제조업
한컴MDS,86960,소프트웨어 개발 및 공급업
HDC현대EP,89470,기타 화학제품 제조업
루멘스,38060,반도체 제조업
세원이앤씨,91090,"구조용 금속제품, 탱크 및 증기발생기 제조업"
CSA 코스믹,83660,기타 화학제품 제조업
티엘아이,62860,반도체 제조업
한국전자금융,63570,기타 사업지원 서비스업
쇼박스,86980,"영화, 비디오물, 방송프로그램 제작 및 배급업"
팬엔터테인먼트,68050,"영화, 비디오물, 방송프로그램 제작 및 배급업"
루트로닉,85370,의료용 기기 제조업
인포뱅크,39290,기타 정보 서비스업
노루페인트,90350,기타 화학제품 제조업
아모레퍼시픽,90430,기타 화학제품 제조업
아이오케이,78860,"영화, 비디오물, 방송프로그램 제작 및 배급업"
동우팜투테이블,88910,"도축, 육류 가공 및 저장 처리업"
롯데관광개발,32350,여행사 및 기타 여행보조 서비스업
제이브이엠,54950,일반 목적용 기계 제조업
평화산업,90080,자동차 신품 부품 제조업
우진플라임,49800,특수 목적용 기계 제조업
팅크웨어,84730,통신 및 방송 장비 제조업
신세계I&C,35510,"컴퓨터 프로그래밍, 시스템 통합 및 관리업"
진바이오텍,86060,동물용 사료 및 조제식품 제조업
정산애강,22220,플라스틱제품 제조업
진도,88790,기타 전문 도매업
에이스테크,88800,통신 및 방송 장비 제조업
맥쿼리인프라,88980,신탁업 및 집합투자업
롯데쇼핑,23530,종합 소매업
셀트리온제약,68760,의약품 제조업
GST,83450,특수 목적용 기계 제조업
에너토크,19990,일반 목적용 기계 제조업
제우스,79370,특수 목적용 기계 제조업
한일네트웍스,46110,"자료처리, 호스팅, 포털 및 기타 인터넷 정보매개 서비스업"
뉴프렉스,85670,전자부품 제조업
유진테크,84370,특수 목적용 기계 제조업
크리스탈지노믹스,83790,자연과학 및 공학 연구개발업
바이오니아,64550,의료용품 및 기타 의약 관련제품 제조업
헬릭스미스,84990,자연과학 및 공학 연구개발업
인콘,83640,통신 및 방송 장비 제조업
차바이오텍,85660,기초 의약물질 및 생물학적 제제 제조업
현대글로비스,86280,기타 운송관련 서비스업
대봉엘에스,78140,의약품 제조업
와이엔텍,67900,폐기물 처리업
케이엠,83550,기타 섬유제품 제조업
티비에이치글로벌,84870,봉제의복 제조업
수성이노베이션,84180,일반 목적용 기계 제조업
하나금융지주,86790,기타 금융업
한국코퍼레이션,50540,기타 사업지원 서비스업
제일연마,1560,기타 비금속 광물제품 제조업
모다이노칩,80420,"섬유, 의복, 신발 및 가죽제품 소매업"
비에이치아이,83650,일반 목적용 기계 제조업
EMW,79190,통신 및 방송 장비 제조업
현대리바트,79430,가구 제조업
비보존 헬스케어,82800,반도체 제조업
자연과환경,43910,환경 정화 및 복원업
와토스코리아,79000,플라스틱제품 제조업
대한제강,84010,1차 철강 제조업
폴라리스오피스,41020,소프트웨어 개발 및 공급업
디아크,78590,자동차 신품 부품 제조업
서린바이오,38070,기타 전문 도매업
새론오토모티브,75180,자동차 신품 부품 제조업
그린케미칼,83420,기타 화학제품 제조업
가비아,79940,소프트웨어 개발 및 공급업
덕산하이메탈,77360,반도체 제조업
아바코,83930,특수 목적용 기계 제조업
하나마이크론,67310,반도체 제조업
엘오티베큠,83310,특수 목적용 기계 제조업
코스나인,82660,기타 화학제품 제조업
이상네트웍스,80010,상품 중개업
대상홀딩스,84690,기타 금융업
아리온,58220,통신 및 방송 장비 제조업
코아스,71950,가구 제조업
메디포스트,78160,기초 의약물질 및 생물학적 제제 제조업
우리바이오,82850,전구 및 조명장치 제조업
모두투어,80160,여행사 및 기타 여행보조 서비스업
이월드,84680,귀금속 및 장신용품 제조업
동양고속,84670,육상 여객 운송업
한미반도체,42700,특수 목적용 기계 제조업
가온미디어,78890,통신 및 방송 장비 제조업
쏠리드,50890,통신 및 방송 장비 제조업
동일산업,4890,1차 철강 제조업
옵트론텍,82210,사진장비 및 광학기기 제조업
젬백스,82270,특수 목적용 기계 제조업
플랜티넷,75130,"컴퓨터 프로그래밍, 시스템 통합 및 관리업"
삼호개발,10960,기반조성 및 시설물 축조관련 전문공사업
금호타이어,73240,고무제품 제조업
이노와이어리스,73490,통신 및 방송 장비 제조업
인베니아,79950,특수 목적용 기계 제조업
동양이엔피,79960,"전동기, 발전기 및 전기 변환 · 공급 · 제어 장치 제조업"
제주반도체,80220,반도체 제조업
한창산업,79170,1차 비철금속 제조업
디이엔티,79810,특수 목적용 기계 제조업
에스엔유,80000,특수 목적용 기계 제조업
iMBC,52220,"자료처리, 호스팅, 포털 및 기타 인터넷 정보매개 서비스업"
서산,79650,"시멘트, 석회, 플라스터 및 그 제품 제조업"
KMH하이텍,52900,플라스틱제품 제조업
손오공,66910,기타 전문 도매업
미래컴퍼니,49950,특수 목적용 기계 제조업
아이크래프트,52460,"컴퓨터 프로그래밍, 시스템 통합 및 관리업"
CJ CGV,79160,"영화, 비디오물, 방송프로그램 제작 및 배급업"
일진다이아,81000,기타 화학제품 제조업
메가스터디,72870,"서적, 잡지 및 기타 인쇄물 출판업"
케이에스피,73010,일반 목적용 기계 제조업
KG모빌리언스,46440,소프트웨어 개발 및 공급업
대주전자재료,78600,전자부품 제조업
텔레칩스,54450,반도체 제조업
HB테크놀러지,78150,특수 목적용 기계 제조업
도이치모터스,67990,자동차 판매업
유니드,14830,기초 화학물질 제조업
토비스,51360,영상 및 음향기기 제조업
제넨바이오,72520,생활용품 도매업
상신브레이크,41650,자동차 신품 부품 제조업
국일제지,78130,기타 종이 및 판지 제품 제조업
DMS,68790,특수 목적용 기계 제조업
인팩,23810,자동차 신품 부품 제조업
코드네이처,78940,전기 및 통신 공사업
시너지이노베이션,48870,의료용 기기 제조업
신성델타테크,65350,가정용 기기 제조업
GS,78930,기타 금융업
유니퀘스트,77500,기계장비 및 관련 물품 도매업
다스코,58730,"구조용 금속제품, 탱크 및 증기발생기 제조업"
한국경제TV,39340,텔레비전 방송업
LG디스플레이,34220,전자부품 제조업
다날,64260,소프트웨어 개발 및 공급업
텔코웨어,78000,"자료처리, 호스팅, 포털 및 기타 인터넷 정보매개 서비스업"
형지I&C,11080,봉제의복 제조업
휘닉스소재,50090,전자부품 제조업
코엔텍,29960,폐기물 처리업
YBM넷,57030,교육지원 서비스업
CS,65770,통신 및 방송 장비 제조업
아미노로직스,74430,기타 전문 도매업
테라젠이텍스,66700,의약품 제조업
디에이피,66900,전자부품 제조업
한양디지텍,78350,반도체 제조업
STX엔진,77970,일반 목적용 기계 제조업
동국알앤에스,75970,기타 비금속 광물제품 제조업
라이트론,69540,통신 및 방송 장비 제조업
듀오백,73190,가구 제조업
삼진엘앤디,54090,그외 기타 제품 제조업
에스텍파마,41910,의약품 제조업
NICE,34310,회사 본부 및 경영 컨설팅 서비스업
대교,19680,초등 교육기관
스포츠서울,39670,"서적, 잡지 및 기타 인쇄물 출판업"
세진티에스,67770,전자부품 제조업
한솔인티큐브,70590,"컴퓨터 프로그래밍, 시스템 통합 및 관리업"
WI,73570,그외 기타 제품 제조업
테라사이언스,73640,기타 금속 가공제품 제조업
우주일렉트로,65680,전자부품 제조업
피에이치씨,57880,"섬유, 의복, 신발 및 가죽제품 소매업"
기업은행,24110,은행 및 저축기관
이엔플러스,74610,일반 목적용 기계 제조업
드림어스컴퍼니,60570,"자료처리, 호스팅, 포털 및 기타 인터넷 정보매개 서비스업"
버킷스튜디오,66410,"영화, 비디오물, 방송프로그램 제작 및 배급업"
아프리카TV,67160,소프트웨어 개발 및 공급업
원익QnC,74600,유리 및 유리제품 제조업
로체시스템즈,71280,특수 목적용 기계 제조업
에스텍,69510,영상 및 음향기기 제조업
오텍,67170,자동차 재제조 부품 제조업
키이스트,54780,"영화, 비디오물, 방송프로그램 제작 및 배급업"
현대에버다임,41440,특수 목적용 기계 제조업
한솔홈데코,25750,제재 및 목재 가공업
중앙백신,72020,기초 의약물질 및 생물학적 제제 제조업
휴비츠,65510,의료용 기기 제조업
우리산업홀딩스,72470,자동차 신품 부품 제조업
디지털대성,68930,일반 교습 학원
코스온,69110,기타 화학제품 제조업
이수페타시스,7660,전자부품 제조업
강원랜드,35250,유원지 및 기타 오락관련 서비스업
유아이디,69330,전자부품 제조업
티씨케이,64760,기타 비금속 광물제품 제조업
YG PLUS,37270,"자료처리, 호스팅, 포털 및 기타 인터넷 정보매개 서비스업"
아모텍,52710,전자부품 제조업
농심홀딩스,72710,기타 금융업
웰크론,65950,직물직조 및 직물제품 제조업
파워로직스,47310,"전동기, 발전기 및 전기 변환 · 공급 · 제어 장치 제조업"
한국금융지주,71050,기타 금융업
COWON,56000,소프트웨어 개발 및 공급업
이라이콤,41520,상품 중개업
녹원씨엔아이,65560,인쇄 및 인쇄관련 산업
유엔젤,72130,"자료처리, 호스팅, 포털 및 기타 인터넷 정보매개 서비스업"
SBS,34120,텔레비전 방송업
홈캐스트,64240,영상 및 음향기기 제조업
씨씨에스,66790,텔레비전 방송업
웹젠,69080,소프트웨어 개발 및 공급업
엔씨소프트,36570,소프트웨어 개발 및 공급업
하이스틸,71090,1차 철강 제조업
대화제약,67080,의약품 제조업
우수AMS,66590,자동차 신품 부품 제조업
JW신약,67290,의약품 제조업
하츠,66130,가정용 기기 제조업
SBS콘텐츠허브,46140,"영화, 비디오물, 방송프로그램 제작 및 배급업"
빅텍,65450,"측정, 시험, 항해, 제어 및 기타 정밀기기 제조업; 광학기기 제외"
탑엔지니어링,65130,특수 목적용 기계 제조업
DSR제강,69730,1차 철강 제조업
이루온,65440,소프트웨어 개발 및 공급업
태경케미컬,6890,기초 화학물질 제조업
재영솔루텍,49630,사진장비 및 광학기기 제조업
한국큐빅,21650,플라스틱제품 제조업
인터플렉스,51370,전자부품 제조업
메디프론,65650,기계장비 및 관련 물품 도매업
삼영이엔씨,65570,통신 및 방송 장비 제조업
이엔코퍼레이션,66980,기타 정보 서비스업
리더스코스메틱,16100,기타 화학제품 제조업
한농화성,11500,기타 화학제품 제조업
케이피엠테크,42040,기타 화학제품 제조업
엘앤에프,66970,일차전지 및 축전지 제조업
디스플레이텍,66670,전자부품 제조업
와이오엠,66430,기타 전문 도매업
초록뱀미디어,47820,"영화, 비디오물, 방송프로그램 제작 및 배급업"
에프앤리퍼블릭,64090,상품 종합 도매업
쎌바이오텍,49960,기초 의약물질 및 생물학적 제제 제조업
NE능률,53290,"서적, 잡지 및 기타 인쇄물 출판업"
바른전자,64520,반도체 제조업
현대백화점,69960,종합 소매업
KG이니시스,35600,소프트웨어 개발 및 공급업
넥스트BT,65170,음·식료품 및 담배 도매업
대호에이엘,69460,1차 비철금속 제조업
파라다이스,34230,유원지 및 기타 오락관련 서비스업
대웅제약,69620,의약품 제조업
젬백스지오,41590,실내건축 및 건축마무리 공사업
마니커,27740,"도축, 육류 가공 및 저장 처리업"
SNT홀딩스,36530,기타 금융업
휴켐스,69260,기타 화학제품 제조업
새로닉스,42600,전자부품 제조업
세종공업,33530,자동차 신품 부품 제조업
오리엔트정공,65500,자동차 신품 부품 제조업
대한그린파워,60900,기타 화학제품 제조업
국보디자인,66620,실내건축 및 건축마무리 공사업
아이톡시,52770,소프트웨어 개발 및 공급업
에스아이리소스,65420,석탄 광업
젬백스링크,64800,"섬유, 의복, 신발 및 가죽제품 소매업"
포스코강판,58430,1차 철강 제조업
리노스,39980,"섬유, 의복, 신발 및 가죽제품 소매업"
현대바이오,48410,기타 화학제품 제조업
삼성출판사,68290,"서적, 잡지 및 기타 인쇄물 출판업"
세이브존I&C,67830,종합 소매업
에스피지,58610,"전동기, 발전기 및 전기 변환 · 공급 · 제어 장치 제조업"
토탈소프트,45340,소프트웨어 개발 및 공급업
교보증권,30610,금융 지원 서비스업
서호전기,65710,"전동기, 발전기 및 전기 변환 · 공급 · 제어 장치 제조업"
파커스,65690,반도체 제조업
한샘,9240,생활용품 도매업
한프,66110,컴퓨터 및 주변장치 제조업
서울리거,43710,기타 전문 도매업
홈센타홀딩스,60560,기타 전문 도매업
아비코전자,36010,전자부품 제조업
큐렉소,60280,기타 상품 전문 소매업
얍엑스,60230,전자부품 제조업
우원개발,46940,기반조성 및 시설물 축조관련 전문공사업
티사이언티픽,57680,소프트웨어 개발 및 공급업
신세계건설,34300,건물 건설업
인선이엔티,60150,폐기물 처리업
와이어블,65530,전기 통신업
SM Life Design,63440,기록매체 복제업
우신시스템,17370,특수 목적용 기계 제조업
지어소프트,51160,소프트웨어 개발 및 공급업
지엔코,65060,봉제의복 제조업
셀루메드,49180,기초 의약물질 및 생물학적 제제 제조업
KH바텍,60720,전자부품 제조업
알에프텍,61040,통신 및 방송 장비 제조업
에스폴리텍,50760,플라스틱제품 제조업
이랜텍,54210,전자부품 제조업
ES큐브,50120,생활용품 도매업
케이피티유,54410,기타 금속 가공제품 제조업
3S,60310,전자부품 제조업
LG전자,66570,통신 및 방송 장비 제조업
화일약품,61250,의약품 제조업
오상자이엘,53980,"컴퓨터 프로그래밍, 시스템 통합 및 관리업"
한국콜마홀딩스,24720,기타 금융업
농우바이오,54050,작물 재배업
케이엘넷,39420,전기 통신업
SNT모티브,64960,자동차 신품 부품 제조업
에스티아이,39440,특수 목적용 기계 제조업
잉크테크,49550,기타 화학제품 제조업
대한뉴팜,54670,의약품 제조업
씨티씨바이오,60590,의약품 제조업
인탑스,49070,통신 및 방송 장비 제조업
KT서브마린,60370,전기 및 통신 공사업
피씨디렉트,51380,기계장비 및 관련 물품 도매업
현진소재,53660,기타 금속 가공제품 제조업
광주신세계,37710,종합 소매업
구영테크,53270,자동차 신품 부품 제조업
한국기업평가,34950,기타 사업지원 서비스업
뉴보텍,60260,플라스틱제품 제조업
동양에스텍,60380,1차 철강 제조업
백금T&A,46310,통신 및 방송 장비 제조업
파나케이아,58530,생활용품 도매업
고려신용정보,49720,기타 사업지원 서비스업
제일바이오,52670,의약품 제조업
서울반도체,46890,반도체 제조업
아가방컴퍼니,13990,생활용품 도매업
일야,58450,통신 및 방송 장비 제조업
미코,59090,반도체 제조업
아래스,50320,기계장비 및 관련 물품 도매업
유신,54930,"건축기술, 엔지니어링 및 관련 기술 서비스업"
프럼파스트,35200,플라스틱제품 제조업
한국컴퓨터,54040,전자부품 제조업
대동스틸,48470,1차 철강 제조업
레드로버,60300,"영화, 비디오물, 방송프로그램 제작 및 배급업"
링네트,42500,"컴퓨터 프로그래밍, 시스템 통합 및 관리업"
제이웨이,58420,"영화, 비디오물, 방송프로그램 제작 및 배급업"
큐로컴,40350,"컴퓨터 프로그래밍, 시스템 통합 및 관리업"
팬스타엔터프라이즈,54300,일반 목적용 기계 제조업
한빛소프트,47080,소프트웨어 개발 및 공급업
일진디스플,20760,반도체 제조업
NHN한국사이버결제,60250,기타 정보 서비스업
CNT85,56730,기타 전문 도매업
금강철강,53260,1차 철강 제조업
룽투코리아,60240,소프트웨어 개발 및 공급업
KH 필룩스,33180,전자부품 제조업
동아화성,41930,고무제품 제조업
비츠로시스,54220,"전동기, 발전기 및 전기 변환 · 공급 · 제어 장치 제조업"
오리엔탈정공,14940,일반 목적용 기계 제조업
크로바하이텍,43590,반도체 제조업
리노공업,58470,전자부품 제조업
성우테크론,45300,전자부품 제조업
에스에프에이,56190,특수 목적용 기계 제조업
신화인터텍,56700,플라스틱제품 제조업
엑사이엔씨,54940,실내건축 및 건축마무리 공사업
피에이치에이,43370,자동차 신품 부품 제조업
종근당바이오,63160,의약품 제조업
APS홀딩스,54620,기타 금융업
코위버,56360,통신 및 방송 장비 제조업
성호전자,43260,전자부품 제조업
UCI,38340,일반 교습 학원
YW,51390,상품 종합 도매업
삼영엠텍,54540,"구조용 금속제품, 탱크 및 증기발생기 제조업"
이니텍,53350,소프트웨어 개발 및 공급업
에이디칩스,54630,그외 기타 제품 제조업
유진로봇,56080,특수 목적용 기계 제조업
태웅,44490,기타 금속 가공제품 제조업
경남제약,53950,의약품 제조업
삼보모터스,53700,자동차 신품 부품 제조업
한컴위드,54920,소프트웨어 개발 및 공급업
코미팜,41960,의약품 제조업
프리엠스,53160,"전동기, 발전기 및 전기 변환 · 공급 · 제어 장치 제조업"
코나아이,52400,소프트웨어 개발 및 공급업
메디콕스,54180,선박 및 보트 건조업
SGA,49470,소프트웨어 개발 및 공급업
지에스이,53050,연료용 가스 제조 및 배관공급업
한창바이오텍,43090,기타 전문 도매업
소리바다,53110,"자료처리, 호스팅, 포털 및 기타 인터넷 정보매개 서비스업"
아이디스홀딩스,54800,기타 전문 서비스업
코데즈컴바인,47770,봉제의복 제조업
안랩,53800,소프트웨어 개발 및 공급업
신한지주,55550,기타 금융업
YTN,40300,"영화, 비디오물, 방송프로그램 제작 및 배급업"
CMG제약,58820,의약품 제조업
JYP Ent.,35900,오디오물 출판 및 원판 녹음업
한국테크놀로지,53590,자동차 신품 부품 제조업
KCC건설,21320,건물 건설업
세동,53060,자동차 신품 부품 제조업
프로텍,53610,특수 목적용 기계 제조업
액토즈소프트,52790,소프트웨어 개발 및 공급업
세코닉스,53450,사진장비 및 광학기기 제조업
바이넥스,53030,의약품 제조업
오성첨단소재,52420,플라스틱제품 제조업
코웨이,21240,그외 기타 개인 서비스업
태양,53620,기타 금속 가공제품 제조업
유아이엘,49520,전자부품 제조업
초록뱀컴퍼니,52300,기타 운송관련 서비스업
대원미디어,48910,기타 전문 도매업
중앙디앤엠,51980,플라스틱제품 제조업
세아홀딩스,58650,1차 철강 제조업
CJ프레시웨이,51500,음·식료품 및 담배 도매업
파인디앤씨,49120,전자부품 제조업
디지아이,43360,컴퓨터 및 주변장치 제조업
코텍,52330,영상 및 음향기기 제조업
한네트,52600,전기 통신업
에스티큐브,52020,기계장비 및 관련 물품 도매업
에이치엘비파워,43220,특수 목적용 기계 제조업
스카이문스테크놀로지,33790,통신 및 방송 장비 제조업
큐로홀딩스,51780,음·식료품 및 담배 소매업
세영디앤씨,52190,창작 및 예술관련 서비스업
나라엠앤디,51490,특수 목적용 기계 제조업
에코바이오,38870,사업시설 유지·관리 서비스업
에이텍,45660,컴퓨터 및 주변장치 제조업
대아티아이,45390,기타 전기장비 제조업
캠시스,50110,전자부품 제조업
현대바이오랜드,52260,기타 화학제품 제조업
SFA반도체,36540,반도체 제조업
LG생활건강,51900,기타 화학제품 제조업
LG화학,51910,기초 화학물질 제조업
대우건설,47040,건물 건설업
포스코인터내셔널,47050,상품 중개업
대우조선해양,42660,선박 및 보트 건조업
현대두산인프라코어,42670,특수 목적용 기계 제조업
삼표시멘트,38500,기타 비금속 광물제품 제조업
진양화학,51630,플라스틱제품 제조업
SM C&C,48550,광고업
승일,49830,기타 금속 가공제품 제조업
조광ILI,44060,일반 목적용 기계 제조업
피에스엠씨,24850,전자부품 제조업
TPC,48770,일반 목적용 기계 제조업
코메론,49430,"측정, 시험, 항해, 제어 및 기타 정밀기기 제조업; 광학기기 제외"
블루베리 NFT,44480,고무제품 제조업
삼화네트웍스,46390,"영화, 비디오물, 방송프로그램 제작 및 배급업"
성광벤드,14620,1차 철강 제조업
유라테크,48430,"전동기, 발전기 및 전기 변환 · 공급 · 제어 장치 제조업"
삼현철강,17480,1차 철강 제조업
오픈베이스,49480,"컴퓨터 프로그래밍, 시스템 통합 및 관리업"
KCI,36670,기타 화학제품 제조업
라온시큐어,42510,소프트웨어 개발 및 공급업
오로라,39830,전문디자인업
금화피에스시,36190,전기 및 통신 공사업
코다코,46070,자동차 신품 부품 제조업
인바디,41830,의료용 기기 제조업
고려제약,14570,의약품 제조업
크린앤사이언스,45520,일반 목적용 기계 제조업
포스코 ICT,22100,"건축기술, 엔지니어링 및 관련 기술 서비스업"
동원F&B,49770,기타 식품 제조업
KD,44180,건물 건설업
이글벳,44960,기타 전문 도매업
아즈텍WB,32080,"섬유제품 염색, 정리 및 마무리 가공업"
두산중공업,34020,일반 목적용 기계 제조업
오리콤,10470,광고업
위닉스,44340,가정용 기기 제조업
상지카일룸,42940,건물 건설업
한국내화,10040,"내화, 비내화 요업제품 제조업"
엔피케이,48830,합성고무 및 플라스틱 물질 제조업
삼천당제약,250,의약품 제조업
에이치케이,44780,특수 목적용 기계 제조업
정원엔시스,45510,"컴퓨터 프로그래밍, 시스템 통합 및 관리업"
한양이엔지,45100,"건축기술, 엔지니어링 및 관련 기술 서비스업"
누리플렉스,40160,소프트웨어 개발 및 공급업
에쎈테크,43340,일반 목적용 기계 제조업
국순당,43650,알코올음료 제조업
엘컴텍,37950,전자부품 제조업
이오테크닉스,39030,특수 목적용 기계 제조업
상상인,38540,"컴퓨터 프로그래밍, 시스템 통합 및 관리업"
서울제약,18680,의약품 제조업
나노엔텍,39860,의료용 기기 제조업
파나진,46210,의료용품 및 기타 의약 관련제품 제조업
오공,45060,기타 화학제품 제조업
솔고바이오,43100,의료용 기기 제조업
비츠로테크,42370,기타 금융업
코아시아,45970,반도체 제조업
정상제이엘에스,40420,일반 교습 학원
진양제약,7370,의약품 제조업
넥슨지티,41140,소프트웨어 개발 및 공급업
지니뮤직,43610,"자료처리, 호스팅, 포털 및 기타 인터넷 정보매개 서비스업"
진성티이씨,36890,특수 목적용 기계 제조업
현대에이치티,39010,통신 및 방송 장비 제조업
삼아제약,9300,의약품 제조업
파루,43200,"전동기, 발전기 및 전기 변환 · 공급 · 제어 장치 제조업"
에스씨디,42110,가정용 기기 제조업
한국정보공학,39740,기타 전문 도매업
디오,39840,의료용 기기 제조업
네오위즈홀딩스,42420,소프트웨어 개발 및 공급업
다산네트웍스,39560,통신 및 방송 장비 제조업
바이오스마트,38460,전자부품 제조업
우리기술,32820,"전동기, 발전기 및 전기 변환 · 공급 · 제어 장치 제조업"
안국약품,1540,의약품 제조업
골드퍼시픽,38530,생활용품 도매업
세중,39310,여행사 및 기타 여행보조 서비스업
우리기술투자,41190,기타 금융업
HRS,36640,합성고무 및 플라스틱 물질 제조업
에스에이엠티,31330,기계장비 및 관련 물품 도매업
NICE평가정보,30190,기타 정보 서비스업
위즈코프,38620,연료 소매업
이건홀딩스,39020,제재 및 목재 가공업
파인디지털,38950,통신 및 방송 장비 제조업
나이스정보통신,36800,전기 통신업
SG&G,40610,자동차 신품 부품 제조업
아이에이,38880,전자부품 제조업
에스넷,38680,"컴퓨터 프로그래밍, 시스템 통합 및 관리업"
에스엠,41510,오디오물 출판 및 원판 녹음업
쌍용정보통신,10280,"컴퓨터 프로그래밍, 시스템 통합 및 관리업"
쎄니트,37760,1차 철강 제조업
대성미생물,36480,의약품 제조업
에코플라스틱,38110,자동차 신품 부품 제조업
케이엠더블유,32500,통신 및 방송 장비 제조업
화성밸브,39610,일반 목적용 기계 제조업
경남스틸,39240,1차 철강 제조업
마크로젠,38290,"그외 기타 전문, 과학 및 기술 서비스업"
희림,37440,"건축기술, 엔지니어링 및 관련 기술 서비스업"
레드캡투어,38390,여행사 및 기타 여행보조 서비스업
솔브레인홀딩스,36830,회사 본부 및 경영 컨설팅 서비스업
에프에스티,36810,전자부품 제조업
코맥스,36690,통신 및 방송 장비 제조업
EG,37370,토목 건설업
감성코퍼레이션,36620,기타 전문 도매업
성도이엔지,37350,"건축기술, 엔지니어링 및 관련 기술 서비스업"
제일테크노스,38010,"구조용 금속제품, 탱크 및 증기발생기 제조업"
한세예스24홀딩스,16450,봉제의복 제조업
무림SP,1810,"펄프, 종이 및 판지 제조업"
세종텔레콤,36630,전기 통신업
심텍홀딩스,36710,통신 및 방송 장비 제조업
파세코,37070,가정용 기기 제조업
SGC이테크건설,16250,건물 건설업
영풍정밀,36560,일반 목적용 기계 제조업
서희건설,35890,건물 건설업
주성엔지니어링,36930,특수 목적용 기계 제조업
케이티알파,36030,상품 중개업
대성홀딩스,16710,회사 본부 및 경영 컨설팅 서비스업
다우데이타,32190,기계장비 및 관련 물품 도매업
동진쎄미켐,5290,기초 화학물질 제조업
선광,3100,기타 운송관련 서비스업
제이에스티나,26040,귀금속 및 장신용품 제조업
지더블유바이텍,36180,기계장비 및 관련 물품 도매업
클라우드에어,36170,반도체 제조업
한국팩키지,37230,"골판지, 종이 상자 및 종이용기 제조업"
삼지전자,37460,통신 및 방송 장비 제조업
우리조명,37400,상품 종합 도매업
대원제약,3220,의약품 제조업
한국가스공사,36460,연료용 가스 제조 및 배관공급업
네패스,33640,반도체 제조업
인지디스플레,37330,전자부품 제조업
위지트,36090,특수 목적용 기계 제조업
유니셈,36200,특수 목적용 기계 제조업
유성티엔에스,24800,육상 여객 운송업
코리아나,27050,기타 화학제품 제조업
SCI평가정보,36120,기타 정보 서비스업
골드앤에스,35290,"서적, 잡지 및 기타 인쇄물 출판업"
서울전자통신,27040,기계장비 및 관련 물품 도매업
대성창투,27830,신탁업 및 집합투자업
예림당,36000,"서적, 잡지 및 기타 인쇄물 출판업"
미래아이앤지,7120,"컴퓨터 프로그래밍, 시스템 통합 및 관리업"
CJ ENM,35760,텔레비전 방송업
이지홀딩스,35810,동물용 사료 및 조제식품 제조업
기산텔레콤,35460,통신 및 방송 장비 제조업
화천기공,850,특수 목적용 기계 제조업
팜스코,36580,"곡물가공품, 전분 및 전분제품 제조업"
케이티앤지,33780,담배 제조업
한국조선해양,9540,선박 및 보트 건조업
디씨엠,24090,1차 철강 제조업
바른손이앤에이,35620,"영화, 비디오물, 방송프로그램 제작 및 배급업"
솔본,35610,회사 본부 및 경영 컨설팅 서비스업
시공테크,20710,전문디자인업
신일제약,12790,의약품 제조업
조아제약,34940,의약품 제조업
AK홀딩스,6840,기타 금융업
대한유화,6650,기초 화학물질 제조업
백산,35150,플라스틱제품 제조업
지투알,35000,회사 본부 및 경영 컨설팅 서비스업
체시스,33250,자동차 신품 부품 제조업
인성정보,33230,"컴퓨터 프로그래밍, 시스템 통합 및 관리업"
인터파크,35080,무점포 소매업
동국산업,5160,1차 철강 제조업
매일홀딩스,5990,낙농제품 및 식용빙과류 제조업
해성산업,34810,기타 금융업
자화전자,33240,전자부품 제조업
케이티,30200,전기 통신업
하이트론씨스템즈,19490,영상 및 음향기기 제조업
제일기획,30000,광고업
한국정보통신,25770,전기 통신업
파라텍,33540,특수 목적용 기계 제조업
동성화인텍,33500,기초 화학물질 제조업
스틱인베스트먼트,26890,신탁업 및 집합투자업
케이씨,29460,"측정, 시험, 항해, 제어 및 기타 정밀기기 제조업; 광학기기 제외"
드래곤플라이,30350,소프트웨어 개발 및 공급업
엠케이전자,33160,전자부품 제조업
엠투엔,33310,기타 금속 가공제품 제조업
제이씨현시스템,33320,기계장비 및 관련 물품 도매업
포스코엠텍,9520,1차 철강 제조업
스페코,13810,특수 목적용 기계 제조업
좋은사람들,33340,봉제의복 제조업
대원화성,24890,플라스틱제품 제조업
모아텍,33200,전자부품 제조업
코웰패션,33290,"섬유, 의복, 신발 및 가죽제품 소매업"
코콤,15710,통신 및 방송 장비 제조업
E1,17940,기타 전문 도매업
SK가스,18670,기타 전문 도매업
다우기술,23590,"자료처리, 호스팅, 포털 및 기타 인터넷 정보매개 서비스업"
영보화학,14440,플라스틱제품 제조업
제룡전기,33100,"전동기, 발전기 및 전기 변환 · 공급 · 제어 장치 제조업"
제이엠아이,33050,기록매체 복제업
디지틀조선,33130,"자료처리, 호스팅, 포털 및 기타 인터넷 정보매개 서비스업"
바이온,32980,음·식료품 및 담배 도매업
와이지-원,19210,기타 금속 가공제품 제조업
특수건설,26150,토목 건설업
아이즈비전,31310,전기 통신업
SKC,11790,기타 화학제품 제조업
동일기연,32960,전자부품 제조업
소프트센,32680,기계장비 및 관련 물품 도매업
원익,32940,기계장비 및 관련 물품 도매업
원풍물산,8290,봉제의복 제조업
웰바이오텍,10600,상품 중개업
한국주강,25890,특수 목적용 기계 제조업
삼진,32750,통신 및 방송 장비 제조업
비트컴퓨터,32850,소프트웨어 개발 및 공급업
휴먼엔,32860,"해체, 선별 및 원료 재생업"
BNGT,32790,기계장비 및 관련 물품 도매업
판타지오,32800,창작 및 예술관련 서비스업
덕양산업,24900,자동차 신품 부품 제조업
에쓰씨엔지니어링,23960,토목 건설업
인지컨트롤스,23800,자동차 신품 부품 제조업
유비케어,32620,소프트웨어 개발 및 공급업
피델릭스,32580,반도체 제조업
TJ미디어,32540,영상 및 음향기기 제조업
휴맥스홀딩스,28080,기타 금융업
삼일,32280,도로 화물 운송업
경동인베스트,12320,기타 금융업
뉴인텍,12340,전자부품 제조업
에스제이엠홀딩스,25530,자동차 부품 및 내장품 판매업
오스템,31510,자동차 신품 부품 제조업
콤텍시스템,31820,"컴퓨터 프로그래밍, 시스템 통합 및 관리업"
엔에스엔,31860,상품 종합 도매업
피에스케이홀딩스,31980,특수 목적용 기계 제조업
SK하이닉스,660,반도체 제조업
MH에탄올,23150,알코올음료 제조업
국동,5320,생활용품 도매업
동남합성,23450,기초 화학물질 제조업
삼성엔지니어링,28050,"건축기술, 엔지니어링 및 관련 기술 서비스업"
신도리코,29530,컴퓨터 및 주변장치 제조업
예스코홀딩스,15360,기타 금융업
퍼시스,16800,가구 제조업
세보엠이씨,11560,건물설비 설치 공사업
한일단조,24740,자동차 신품 부품 제조업
WISCOM,24070,플라스틱제품 제조업
동원수산,30720,어로 어업
미래산업,25560,"측정, 시험, 항해, 제어 및 기타 정밀기기 제조업; 광학기기 제외"
KTB투자증권,30210,금융 지원 서비스업
양지사,30960,인쇄 및 인쇄관련 산업
HDC,12630,기타 금융업
광전자,17900,반도체 제조업
한국단자공업,25540,"전동기, 발전기 및 전기 변환 · 공급 · 제어 장치 제조업"
원익홀딩스,30530,특수 목적용 기계 제조업
한글과컴퓨터,30520,소프트웨어 개발 및 공급업
메이슨캐피탈,21880,기타 금융업
대호특수강,21040,1차 철강 제조업
릭스솔루션,29480,통신 및 방송 장비 제조업
디아이,3160,"측정, 시험, 항해, 제어 및 기타 정밀기기 제조업; 광학기기 제외"
신성이엔지,11930,반도체 제조업
티에이치엔,19180,기타 전기장비 제조업
한온시스템,18880,일반 목적용 기계 제조업
HLB,28300,선박 및 보트 건조업
팜스토리,27710,동물용 사료 및 조제식품 제조업
세원정공,21820,자동차 신품 부품 제조업
세하,27970,"펄프, 종이 및 판지 제조업"
영풍제지,6740,"골판지, 종이 상자 및 종이용기 제조업"
유니온,910,"시멘트, 석회, 플라스터 및 그 제품 제조업"
키다리스튜디오,20120,"자료처리, 호스팅, 포털 및 기타 인터넷 정보매개 서비스업"
한섬,20000,봉제의복 제조업
현대엘리베이터,17800,일반 목적용 기계 제조업
환인제약,16580,의약품 제조업
삼보판지,23600,"펄프, 종이 및 판지 제조업"
삼목에스폼,18310,"구조용 금속제품, 탱크 및 증기발생기 제조업"
에이스침대,3800,가구 제조업
원익큐브,14190,기타 전문 도매업
계룡건설산업,13580,토목 건설업
서원,21050,금속 주조업
에스원,12750,"경비, 경호 및 탐정업"
태경산업,15890,기초 화학물질 제조업
리드코프,12700,기타 전문 도매업
유니슨,18000,일반 목적용 기계 제조업
아난티,25980,일반 및 생활 숙박시설 운영업
광진실업,26910,1차 철강 제조업
인터엠,17250,영상 및 음향기기 제조업
신대양제지,16590,"골판지, 종이 상자 및 종이용기 제조업"
와이투솔루션,11690,반도체 제조업
남해화학,25860,"비료, 농약 및 살균, 살충제 제조업"
동원금속,18500,자동차 신품 부품 제조업
성안,11300,직물직조 및 직물제품 제조업
성우하이텍,15750,자동차 신품 부품 제조업
대신정보통신,20180,"컴퓨터 프로그래밍, 시스템 통합 및 관리업"
서부T&D,6730,일반 및 생활 숙박시설 운영업
HMM,11200,해상 운송업
경인양행,12610,기초 화학물질 제조업
풀무원,17810,기타 식품 제조업
서울도시가스,17390,연료용 가스 제조 및 배관공급업
이구산업,25820,1차 비철금속 제조업
동신건설,25950,토목 건설업
동화기업,25900,나무제품 제조업
에넥스,11090,가구 제조업
에이프로젠 MED,7460,기타 금속 가공제품 제조업
제이준코스메틱,25620,기타 화학제품 제조업
한국카본,17960,"구조용 금속제품, 탱크 및 증기발생기 제조업"
신라에스지,25870,음·식료품 및 담배 도매업
케이씨피드,25880,동물용 사료 및 조제식품 제조업
한탑,2680,"곡물가공품, 전분 및 전분제품 제조업"
한국선재,25550,1차 철강 제조업
대성엘텍,25440,영상 및 음향기기 제조업
시노펙스,25320,전자부품 제조업
PN풍년,24940,기타 금속 가공제품 제조업
삼천리자전거,24950,생활용품 도매업
메디앙스,14100,기타 화학제품 제조업
KBI메탈,24840,1차 비철금속 제조업
경창산업,24910,자동차 신품 부품 제조업
대륙제관,4780,기타 금속 가공제품 제조업
동원개발,13120,건물 건설업
세원물산,24830,자동차 신품 부품 제조업
이화전기,24810,"전동기, 발전기 및 전기 변환 · 공급 · 제어 장치 제조업"
케이피에프,24880,기타 금속 가공제품 제조업
KPX케미칼,25000,기초 화학물질 제조업
지코,10580,자동차 신품 부품 제조업
태평양물산,7980,봉제의복 제조업
KB오토시스,24120,자동차 신품 부품 제조업
신원종합개발,17000,건물 건설업
흥구석유,24060,기타 전문 도매업
대한약품,23910,의약품 제조업
이화공영,1840,건물 건설업
풍국주정,23900,알코올음료 제조업
대림제지,17650,기타 종이 및 판지 제품 제조업
대한광통신,10170,절연선 및 케이블 제조업
동일철강,23790,1차 철강 제조업
플레이위드,23770,소프트웨어 개발 및 공급업
한국캐피탈,23760,기타 금융업
한일사료,5860,동물용 사료 및 조제식품 제조업
KC그린홀딩스,9440,기타 금융업
문배철강,8420,1차 철강 제조업
웅진,16880,기타 금융업
모베이스전자,12860,자동차 신품 부품 제조업
CNH,23460,신탁업 및 집합투자업
국영지앤엠,6050,유리 및 유리제품 제조업
유진기업,23410,"시멘트, 석회, 플라스터 및 그 제품 제조업"
제일제강,23440,1차 철강 제조업
보성파워텍,6910,"구조용 금속제품, 탱크 및 증기발생기 제조업"
브이티지엠피,18290,컴퓨터 및 주변장치 제조업
태광,23160,1차 철강 제조업
오뚜기,7310,기타 식품 제조업
일정실업,8500,편조원단 제조업
한라,14790,토목 건설업
영신금속,7530,기타 금속 가공제품 제조업
엘에스일렉트릭,10120,"전동기, 발전기 및 전기 변환 · 공급 · 제어 장치 제조업"
신라섬유,1000,가전제품 및 정보통신장비 소매업
원일특강,12620,1차 철강 제조업
서한,11370,건물 건설업
대양금속,9190,1차 철강 제조업
이화산업,760,기타 전문 도매업
동원시스템즈,14820,플라스틱제품 제조업
바른손,18700,생활용품 도매업
부방,14470,기타 금융업
삼성중공업,10140,선박 및 보트 건조업
모토닉,9680,자동차 신품 부품 제조업
화신,10690,자동차 신품 부품 제조업
대명소노시즌,7720,상품 종합 도매업
CBI,13720,자동차 신품 부품 제조업
대양제지,6580,"펄프, 종이 및 판지 제조업"
유니크,11320,자동차 신품 부품 제조업
진로발효,18120,알코올음료 제조업
삼보산업,9620,1차 비철금속 제조업
푸드웰,5670,"과실, 채소 가공 및 저장 처리업"
푸른저축은행,7330,은행 및 저축기관
피제이전자,6140,의료용 기기 제조업
베뉴지,19010,종합 소매업
엠에스씨,9780,기타 식품 제조업
삼화페인트공업,390,기타 화학제품 제조업
경동나비엔,9450,가정용 기기 제조업
대동금속,20400,금속 주조업
광림,14200,자동차용 엔진 및 자동차 제조업
대원산업,5710,자동차 신품 부품 제조업
큐캐피탈,16600,기타 금융업
한국가구,4590,생활용품 도매업
인피니티엔티,16670,기타 전문 도매업
중앙에너비스,440,기타 전문 도매업
DB,12030,"컴퓨터 프로그래밍, 시스템 통합 및 관리업"
SGC에너지,5090,전기업
삼륭물산,14970,"골판지, 종이 상자 및 종이용기 제조업"
대림비앤코,5750,"내화, 비내화 요업제품 제조업"
경동제약,11040,의약품 제조업
원풍,8370,플라스틱제품 제조업
네이처셀,7390,기초 의약물질 및 생물학적 제제 제조업
삼일기업공사,2290,건물 건설업
일지테크,19540,자동차 신품 부품 제조업
한일화학,7770,기초 화학물질 제조업
한국알콜,17890,기타 화학제품 제조업
대주산업,3310,동물용 사료 및 조제식품 제조업
글로본,19660,상품 종합 도매업
대한해운,5880,해상 운송업
메리츠증권,8560,금융 지원 서비스업
세명전기,17510,기타 금속 가공제품 제조업
휴니드테크놀러지스,5870,통신 및 방송 장비 제조업
수산중공업,17550,특수 목적용 기계 제조업
에이티넘인베스트,21080,신탁업 및 집합투자업
롯데케미칼,11170,기초 화학물질 제조업
대동기어,8830,특수 목적용 기계 제조업
세아베스틸,1430,1차 철강 제조업
호텔신라,8770,기타 상품 전문 소매업
태경비케이,14580,"시멘트, 석회, 플라스터 및 그 제품 제조업"
화승코퍼레이션,13520,자동차 신품 부품 제조업
신흥,4080,기계장비 및 관련 물품 도매업
화승인더스트리,6060,플라스틱제품 제조업
극동유화,14530,석유 정제품 제조업
고려산업,2140,"곡물가공품, 전분 및 전분제품 제조업"
피에스텍,2230,"측정, 시험, 항해, 제어 및 기타 정밀기기 제조업; 광학기기 제외"
대현,16090,봉제의복 제조업
케이비아이동국실업,1620,자동차 신품 부품 제조업
광명전기,17040,"전동기, 발전기 및 전기 변환 · 공급 · 제어 장치 제조업"
부산산업,11390,"시멘트, 석회, 플라스터 및 그 제품 제조업"
STX,11810,상품 종합 도매업
고려아연,10130,1차 비철금속 제조업
코센,9730,1차 철강 제조업
센트럴인사이트,12600,일반 목적용 기계 제조업
팜젠사이언스,4720,의약품 제조업
무림페이퍼,9200,"펄프, 종이 및 판지 제조업"
현대차증권,1500,금융 지원 서비스업
금비,8870,유리 및 유리제품 제조업
대동전자,8110,통신 및 방송 장비 제조업
원림,5820,직물직조 및 직물제품 제조업
서흥,8490,기타 화학제품 제조업
성문전자,14910,전자부품 제조업
넥스트사이언스,3580,기타 비금속광물 광업
일진홀딩스,15860,기타 금융업
대영포장,14160,"골판지, 종이 상자 및 종이용기 제조업"
영화금속,12280,자동차 신품 부품 제조업
신풍제약,19170,의약품 제조업
동성제약,2210,의약품 제조업
카스,16920,기계장비 및 관련 물품 도매업
아센디오,12170,"영화, 비디오물, 방송프로그램 제작 및 배급업"
한올바이오파마,9420,의약품 제조업
하이록코리아,13030,1차 철강 제조업
유니켐,11330,"가죽, 가방 및 유사제품 제조업"
대창,12800,1차 비철금속 제조업
국보,1140,도로 화물 운송업
일성건설,13360,토목 건설업
까뮤이앤씨,13700,건물 건설업
보락,2760,기타 화학제품 제조업
선도전기,7610,"전동기, 발전기 및 전기 변환 · 공급 · 제어 장치 제조업"
씨아이테크,4920,그외 기타 제품 제조업
광동제약,9290,의약품 제조업
갤럭시아에스엠,11420,스포츠 서비스업
남성,4270,기타 전문 도매업
KISCO홀딩스,1940,1차 철강 제조업
태영건설,9410,토목 건설업
한국특강,7280,1차 철강 제조업
한솔로지스틱스,9180,기타 운송관련 서비스업
삼양통상,2170,"가죽, 가방 및 유사제품 제조업"
SK텔레콤,17670,전기 통신업
진양폴리우레탄,10640,플라스틱제품 제조업
미창석유공업,3650,석유 정제품 제조업
삼익THK,4380,일반 목적용 기계 제조업
미원상사,2840,기타 화학제품 제조업
서연,7860,기타 금융업
SBI인베스트먼트,19550,신탁업 및 집합투자업
세우글로벌,13000,기타 전문 도매업
현대모비스,12330,자동차 신품 부품 제조업
쎌마테라퓨틱스,15540,기타 사업지원 서비스업
KG케미칼,1390,기초 화학물질 제조업
대우부품,9320,자동차 신품 부품 제조업
현대해상,1450,보험업
현대그린푸드,5440,종합 소매업
한국전력공사,15760,전기업
국도화학,7690,기초 화학물질 제조업
녹십자,6280,의약품 제조업
SIMPAC,9160,특수 목적용 기계 제조업
윌비스,8600,생활용품 도매업
대창단조,15230,자동차 신품 부품 제조업
사조산업,7160,어로 어업
한익스프레스,14130,도로 화물 운송업
사조동아원,8040,"곡물가공품, 전분 및 전분제품 제조업"
경인전자,9140,전자부품 제조업
무림P&P,9580,"펄프, 종이 및 판지 제조업"
인디에프,14990,봉제의복 제조업
한솔피엔에스,10420,기타 전문 도매업
디와이,13570,기타 금융업
방림,3610,직물직조 및 직물제품 제조업
큐로,15590,일반 목적용 기계 제조업
한솔케미칼,14680,기초 화학물질 제조업
퍼스텍,10820,무기 및 총포탄 제조업
리더스 기술투자,19570,신탁업 및 집합투자업
엠벤처투자,19590,신탁업 및 집합투자업
동원산업,6040,어로 어업
대덕,8060,기타 금융업
한성기업,3680,수산물 가공 및 저장 처리업
모헨즈,6920,"시멘트, 석회, 플라스터 및 그 제품 제조업"
이스타코,15020,부동산 임대 및 공급업
태림포장,11280,"골판지, 종이 상자 및 종이용기 제조업"
아세아제지,2310,"골판지, 종이 상자 및 종이용기 제조업"
화천기계,10660,특수 목적용 기계 제조업
CJ씨푸드,11150,기타 식품 제조업
SHD,1770,1차 철강 제조업
조일알미늄,18470,1차 비철금속 제조업
에스엘,5850,자동차 신품 부품 제조업
영원무역홀딩스,9970,기타 금융업
더존비즈온,12510,"컴퓨터 프로그래밍, 시스템 통합 및 관리업"
보령제약,3850,의약품 제조업
폴루스바이오팜,7630,상품 중개업
이건산업,8250,나무제품 제조업
모나리자,12690,기타 종이 및 판지 제품 제조업
대구백화점,6370,종합 소매업
우성,6980,"곡물가공품, 전분 및 전분제품 제조업"
유성기업,2920,자동차 신품 부품 제조업
한일철강,2220,1차 철강 제조업
삼익악기,2450,악기 제조업
화성산업,2460,건물 건설업
디티알오토모티브,7340,일차전지 및 축전지 제조업
보해양조,890,알코올음료 제조업
상상인증권,1290,금융 지원 서비스업
혜인,3010,기계장비 및 관련 물품 도매업
금강공업,14280,1차 철강 제조업
플레이그램,9810,기타 전문 도매업
율촌화학,8730,플라스틱제품 제조업
신원,9270,봉제의복 제조업
동방,4140,기타 운송관련 서비스업
한국쉘석유,2960,석유 정제품 제조업
부광약품,3000,의약품 제조업
풍산홀딩스,5810,기타 금융업
부국증권,1270,금융 지원 서비스업
계양전기,12200,일반 목적용 기계 제조업
한솔테크닉스,4710,전자부품 제조업
DB금융투자,16610,금융 지원 서비스업
한미사이언스,8930,기타 금융업
삼진제약,5500,의약품 제조업
포스코,5490,1차 철강 제조업
범양건영,2410,건물 건설업
파미셀,5690,기초 의약물질 및 생물학적 제제 제조업
동국제강,1230,1차 철강 제조업
대원전선,6340,절연선 및 케이블 제조업
이수화학,5950,기초 화학물질 제조업
삼성증권,16360,금융 지원 서비스업
삼영무역,2810,기타 전문 도매업
한양증권,1750,금융 지원 서비스업
금호석유화학,11780,기초 화학물질 제조업
유안타증권,3470,금융 지원 서비스업
제일파마홀딩스,2620,회사 본부 및 경영 컨설팅 서비스업
에이엔피,15260,전자부품 제조업
한창제지,9460,"펄프, 종이 및 판지 제조업"
넥센,5720,고무제품 제조업
삼성공조,6660,자동차 신품 부품 제조업
세방전지,4490,일차전지 및 축전지 제조업
진원생명과학,11000,의약품 제조업
참엔지니어링,9310,특수 목적용 기계 제조업
한국프랜지공업,10100,자동차 신품 부품 제조업
코스모신소재,5070,기타 화학제품 제조업
덕성,4830,플라스틱제품 제조업
신영증권,1720,금융 지원 서비스업
유진증권,1200,금융 지원 서비스업
유화증권,3460,금융 지원 서비스업
한신기계공업,11700,일반 목적용 기계 제조업
코스모화학,5420,기타 화학제품 제조업
가온전선,500,절연선 및 케이블 제조업
S-Oil,10950,석유 정제품 제조업
한화에어로스페이스,12450,"항공기,우주선 및 부품 제조업"
삼화전자공업,11230,영상 및 음향기기 제조업
현대제철,4020,1차 철강 제조업
써니전자,4770,전자부품 제조업
현대비앤지스틸,4560,1차 철강 제조업
사조오양,6090,수산물 가공 및 저장 처리업
한화투자증권,3530,금융 지원 서비스업
삼화전기,9470,전자부품 제조업
SK증권,1510,금융 지원 서비스업
평화홀딩스,10770,자동차 신품 부품 제조업
일신석재,7110,"건축자재, 철물 및 난방장치 도매업"
KG동부제철,16380,1차 철강 제조업
아이에스동서,10780,"내화, 비내화 요업제품 제조업"
SH에너지화학,2360,기초 화학물질 제조업
대한화섬,3830,화학섬유 제조업
코리아써키트,7810,전자부품 제조업
신세계,4170,종합 소매업
OCI,10060,기초 화학물질 제조업
삼일제약,520,의약품 제조업
인스코비,6490,전기 통신업
일성신약,3120,의약품 제조업
현대건설,720,토목 건설업
TCC스틸,2710,1차 철강 제조업
에이프로젠제약,3060,의약품 제조업
F&F 홀딩스,7700,기타 금융업
아남전자,8700,영상 및 음향기기 제조업
현대미포조선,10620,선박 및 보트 건조업
GS건설,6360,건물 건설업
삼아알미늄,6110,1차 비철금속 제조업
한국전자홀딩스,6200,기타 금융업
삼성SDI,6400,일차전지 및 축전지 제조업
삼성전기,9150,전자부품 제조업
동부건설,5960,토목 건설업
케이씨티시,9070,도로 화물 운송업
코오롱글로벌,3070,토목 건설업
빙그레,5180,낙농제품 및 식용빙과류 제조업
녹십자홀딩스,5250,회사 본부 및 경영 컨설팅 서비스업
조선내화,480,"내화, 비내화 요업제품 제조업"
현대약품,4310,의약품 제조업
남양유업,3920,낙농제품 및 식용빙과류 제조업
남선알미늄,8350,1차 비철금속 제조업
한국화장품제조,3350,기타 화학제품 제조업
DL건설,1880,건물 건설업
현대코퍼레이션,11760,상품 종합 도매업
LS,6260,기타 금융업
SK네트웍스,1740,기타 전문 도매업
경농,2100,"비료, 농약 및 살균, 살충제 제조업"
티웨이홀딩스,4870,"시멘트, 석회, 플라스터 및 그 제품 제조업"
동방아그로,7590,"비료, 농약 및 살균, 살충제 제조업"
송원산업,4430,기타 화학제품 제조업
진흥기업,2780,토목 건설업
한국석유공업,4090,기타 비금속 광물제품 제조업
천일고속,650,육상 여객 운송업
대원강업,430,자동차 신품 부품 제조업
만호제강,1080,1차 철강 제조업
조광피혁,4700,"가죽, 가방 및 유사제품 제조업"
세방,4360,도로 화물 운송업
동양철관,8970,1차 철강 제조업
대유에이텍,2880,자동차 신품 부품 제조업
남광토건,1260,토목 건설업
삼영전자공업,5680,전자부품 제조업
신영와코루,5800,봉제의복 제조업
오리엔트바이오,2630,의약품 제조업
조비,1550,"비료, 농약 및 살균, 살충제 제조업"
한국공항,5430,기타 운송관련 서비스업
조광페인트,4910,기타 화학제품 제조업
삼천리,4690,연료용 가스 제조 및 배관공급업
성보화학,3080,"비료, 농약 및 살균, 살충제 제조업"
조흥,2600,기타 식품 제조업
금양,1570,기초 화학물질 제조업
사조대림,3960,수산물 가공 및 저장 처리업
비비안,2070,봉제의복 제조업
SNT중공업,3570,자동차 신품 부품 제조업
한신공영,4960,건물 건설업
농심,4370,기타 식품 제조업
삼영화학공업,3720,플라스틱제품 제조업
성신양회,4980,"시멘트, 석회, 플라스터 및 그 제품 제조업"
신라교역,4970,어로 어업
신풍제지,2870,"펄프, 종이 및 판지 제조업"
종근당홀딩스,1630,의약품 제조업
크라운해태홀딩스,5740,기타 금융업
한독,2390,의약품 제조업
SG글로벌,1380,자동차 신품 부품 제조업
SK디스커버리,6120,기타 금융업
샘표,7540,기타 금융업
흥아해운,3280,해상 운송업
GS글로벌,1250,상품 종합 도매업
금호건설,2990,건물 건설업
삼부토건,1470,토목 건설업
삼화콘덴서공업,1820,전자부품 제조업
페이퍼코리아,1020,"펄프, 종이 및 판지 제조업"
동양,1520,"시멘트, 석회, 플라스터 및 그 제품 제조업"
한화,880,기타 화학제품 제조업
JW중외제약,1060,의약품 제조업
영풍,670,1차 비철금속 제조업
백광산업,1340,기초 화학물질 제조업
성창기업지주,180,회사 본부 및 경영 컨설팅 서비스업
한창,5110,기계장비 및 관련 물품 도매업
삼화왕관,4450,기타 금속 가공제품 제조업
KR모터스,40,그외 기타 운송장비 제조업
고려제강,2240,1차 철강 제조업
태양금속공업,4100,자동차 신품 부품 제조업
SUN&L,2820,나무제품 제조업
DRB동일,4840,고무제품 제조업
넥센타이어,2350,고무제품 제조업
SG세계물산,4060,상품 종합 도매업
롯데정밀화학,4000,기초 화학물질 제조업
동화약품,20,의약품 제조업
DL,210,기타 금융업
LX인터내셔널,1120,상품 중개업
국제약품,2720,의약품 제조업
태광산업,3240,화학섬유 제조업
부산주공,5030,자동차 신품 부품 제조업
한일현대시멘트,6390,"시멘트, 석회, 플라스터 및 그 제품 제조업"
CS홀딩스,590,기타 금융업
신성통상,5390,기타 전문 도매업
DB하이텍,990,반도체 제조업
대림통상,6570,기타 금속 가공제품 제조업
유유제약,220,의약품 제조업
강남제비스코,860,기타 화학제품 제조업
대신증권,3540,금융 지원 서비스업
NH투자증권,5940,금융 지원 서비스업
미래에셋증권,6800,금융 지원 서비스업
신일전자,2700,기계장비 및 관련 물품 도매업
삼성제약,1360,의약품 제조업
삼성화재해상보험,810,보험업
삼양식품,3230,기타 식품 제조업
한화손해보험,370,보험업
NI스틸,8260,1차 철강 제조업
일동홀딩스,230,의약품 제조업
대동,490,특수 목적용 기계 제조업
오리온홀딩스,1800,기타 금융업
깨끗한나라,4540,"펄프, 종이 및 판지 제조업"
태원물산,1420,자동차 신품 부품 제조업
코오롱,2020,기타 금융업
삼성전자,5930,통신 및 방송 장비 제조업
대유플러스,300,통신 및 방송 장비 제조업
BYC,1460,봉제의복 제조업
쌍용자동차,3620,자동차용 엔진 및 자동차 제조업
쌍용씨앤이,3410,"시멘트, 석회, 플라스터 및 그 제품 제조업"
SPC삼립,5610,기타 식품 제조업
흥국화재,540,보험업
우리종금,10050,기타 금융업
일양약품,7570,의약품 제조업
한진,2320,도로 화물 운송업
한국수출포장공업,2200,"골판지, 종이 상자 및 종이용기 제조업"
현대자동차,5380,자동차용 엔진 및 자동차 제조업
모나미,5360,생활용품 도매업
한화솔루션,9830,기초 화학물질 제조업
아세아,2030,회사 본부 및 경영 컨설팅 서비스업
카프로,6380,기초 화학물질 제조업
롯데지주,4990,기타 금융업
대한방직,1070,직물직조 및 직물제품 제조업
서울식품공업,4410,기타 식품 제조업
아이에이치큐,3560,"영화, 비디오물, 방송프로그램 제작 및 배급업"
LS네트웍스,680,상품 종합 도매업
금호전기,1210,전구 및 조명장치 제조업
하이트진로홀딩스,140,기타 금융업
노루홀딩스,320,기타 금융업
기아,270,자동차용 엔진 및 자동차 제조업
효성,4800,기타 금융업
CJ,1040,기타 금융업
두산,150,회사 본부 및 경영 컨설팅 서비스업
휴스틸,5010,1차 철강 제조업
DB손해보험,5830,보험업
TYM,2900,특수 목적용 기계 제조업
대웅,3090,기타 금융업
진양산업,3780,플라스틱제품 제조업
영진약품,3520,의약품 제조업
케이씨씨,2380,기타 화학제품 제조업
롯데칠성음료,5300,비알코올음료 및 얼음 제조업
일신방직,3200,방적 및 가공사 제조업
롯데푸드,2270,낙농제품 및 식용빙과류 제조업
아모레퍼시픽그룹,2790,기타 화학제품 제조업
제주은행,6220,은행 및 저축기관
한솔홀딩스,4150,기타 금융업
벽산,7210,기타 비금속 광물제품 제조업
롯데손해보험,400,보험업
대한제분,1130,"곡물가공품, 전분 및 전분제품 제조업"
대상,1680,기타 식품 제조업
LG,3550,기타 금융업
동아쏘시오홀딩스,640,기타 금융업
코리안리,3690,재 보험업
한국주철관공업,970,1차 철강 제조업
한일홀딩스,3300,"시멘트, 석회, 플라스터 및 그 제품 제조업"
엔피씨,4250,플라스틱제품 제조업
세아제강지주,3030,기타 금융업
대한전선,1440,절연선 및 케이블 제조업
대한제당,1790,"곡물가공품, 전분 및 전분제품 제조업"
삼양홀딩스,70,기타 금융업
세기상사,2420,"영화, 비디오물, 방송프로그램 제작 및 배급업"
한국앤컴퍼니,240,기타 금융업
전방,950,방적 및 가공사 제조업
대한항공,3490,항공 여객 운송업
디아이동일,1530,상품 중개업
유한양행,100,의약품 제조업
CJ대한통운,120,도로 화물 운송업
메리츠화재,60,보험업
경방,50,종합 소매업
유수홀딩스,700,회사 본부 및 경영 컨설팅 서비스업
한진중공업홀딩스,3480,연료용 가스 제조 및 배관공급업
